,cg13249591,cg02067580,cg13235288,cg17856083,cg08468679,cg06971903,cg17142183,cg25740621,cg24330485,cg17010118,cg25117345,cg13808147,cg21903826,cg13450944,cg06049295,cg09623286,cg14773826,cg20681931,cg15298323,cg25736982,cg09900253,cg03322752,cg08621168,cg23139584,cg24143495,cg09885086,cg14625975,cg24182333,cg14632281,cg25749165,cg22840650,cg20008734,cg25073705,cg02347989,cg01284709,cg11304234,cg26534425,cg08987892,cg09686672,cg08280787,cg20319142,cg27100511,cg23670599,cg06240173,cg26819427,cg02673453,cg09309024,cg05374783,cg03861021,cg09188840,cg07437263,cg11235291,cg00706536,cg13896106,cg17128996,cg09253473,cg23908407,cg14793491,cg11393847,cg24606935,cg13729887,cg12073594,cg11997734,cg23441595
GSM4299202,0.170158,0.06834054,0.13153791,0.8856349,0.2926719,0.6402778,0.5822575,0.11049932,0.1374334,0.8920201,0.7533107,0.1450003,0.11771905,0.7839644,0.10380723,0.2275372,0.8197638,0.2516351,0.5258422,0.4524253,0.8073151,0.7654543,0.8667579,0.3021147,0.784951,0.10736298,0.825685,0.12754923,0.7926926,0.5934633,0.8817721,0.7663109,0.9121383,0.8117647,0.7960525,0.3019705,0.3210548,0.1414499,0.6662273,0.1784068,0.8872807,0.8675987,0.08185379,0.2300457,0.8563903,0.9439654,0.7950261,0.861303,0.131984,0.3711746,0.6996533,0.1272872,0.5936062,0.4241202,0.1663396,0.610954,0.9356513,0.129672,0.3717256,0.07930334,0.12578713,0.2426182,0.8639975,0.4656353
GSM4299206,0.170641,0.08811031,0.08938813,0.9032229,0.2583309,0.6084317,0.4616819,0.08940654,0.1246385,0.8772677,0.7389131,0.1474765,0.12703479,0.7610786,0.07836823,0.1810409,0.8612499,0.16823,0.4428569,0.4018865,0.8287381,0.7986327,0.8590671,0.2396406,0.7421825,0.12014374,0.8071911,0.12127951,0.817873,0.5845894,0.8572836,0.7769202,0.9292061,0.8105356,0.731826,0.2288917,0.2813111,0.1303999,0.6869872,0.1363443,0.8754313,0.8810397,0.10288378,0.1845066,0.8734906,0.9441441,0.7561987,0.8616911,0.13094296,0.3229444,0.7156978,0.1405921,0.6346078,0.4130216,0.1446285,0.5957997,0.9383761,0.114862,0.341208,0.07985708,0.13217607,0.2686514,0.8621713,0.4513141
GSM4299207,0.2087169,0.07126741,0.1333361,0.8914203,0.2735301,0.6063691,0.4872401,0.09700346,0.1461221,0.8877089,0.7247047,0.1493551,0.11300136,0.7203591,0.09568195,0.2121125,0.8513033,0.2091522,0.4392883,0.4402775,0.8334275,0.728436,0.8263269,0.2388462,0.8032954,0.10292817,0.8326139,0.12458408,0.7962883,0.5634959,0.9058123,0.7765081,0.9078044,0.7964351,0.7958259,0.2092748,0.2421698,0.1469088,0.6594996,0.1233056,0.8871963,0.8813516,0.12236579,0.2298139,0.8739405,0.9462366,0.7840939,0.8438816,0.1468061,0.4246748,0.792122,0.144954,0.552807,0.3837381,0.1866971,0.6309959,0.9428305,0.10573995,0.3264542,0.0867058,0.13365741,0.3039633,0.8529574,0.4595382
GSM4299214,0.2099212,0.06547791,0.16518366,0.8979082,0.2611776,0.6402999,0.412335,0.09329237,0.144855,0.8566204,0.7640603,0.1359816,0.11207346,0.7345888,0.08986625,0.1981038,0.8543914,0.199274,0.360802,0.3300456,0.8425107,0.7572347,0.854448,0.3101313,0.6993015,0.0960193,0.7793234,0.10632513,0.7728686,0.5709157,0.8651366,0.7365245,0.9434352,0.7805307,0.7660265,0.1752542,0.2264105,0.1625319,0.6380992,0.1203929,0.8729265,0.8653656,0.07617706,0.1990646,0.8324501,0.9409906,0.8328068,0.8528744,0.12617167,0.4061717,0.7569824,0.1370361,0.6556994,0.3480011,0.1341711,0.5970976,0.9327967,0.10222948,0.3259875,0.08387647,0.11631516,0.3222834,0.8304649,0.4330358
GSM4299216,0.1997115,0.04479749,0.1743942,0.8891487,0.2729761,0.6299546,0.4575937,0.10240496,0.1506853,0.8670344,0.7471568,0.1481917,0.10829263,0.7407296,0.08189925,0.2773374,0.821822,0.1846259,0.3178301,0.2312514,0.8376399,0.7504847,0.8367562,0.2599572,0.752285,0.1167511,0.7788057,0.10947306,0.8077892,0.5563274,0.8655058,0.7533478,0.91061,0.7893193,0.77227,0.2261279,0.2690316,0.1551392,0.648007,0.1450319,0.8742238,0.8723267,0.09305426,0.2460257,0.8393895,0.9221682,0.7457464,0.8595137,0.13250479,0.4185099,0.7467503,0.1391857,0.6300899,0.3831049,0.1304137,0.5920376,0.9370031,0.13824786,0.3578937,0.07823521,0.11513966,0.2962815,0.8667933,0.4807934
GSM4299217,0.1897134,0.04763203,0.16769761,0.8933342,0.2852832,0.6169572,0.4319507,0.10635736,0.1419335,0.8839472,0.7667837,0.139923,0.1173193,0.7604505,0.10287499,0.2033214,0.873282,0.2293927,0.2894216,0.1983728,0.8590075,0.7713691,0.8417883,0.2456223,0.7635708,0.10846008,0.8097568,0.1158922,0.8150034,0.5701708,0.8599248,0.7709623,0.9129609,0.790743,0.7706841,0.2366802,0.2402433,0.1557706,0.6263959,0.1280041,0.8809297,0.8859021,0.08974037,0.1973522,0.8554459,0.941029,0.7778448,0.8636194,0.1589285,0.4238333,0.756171,0.1477393,0.6612224,0.4189137,0.1509462,0.5937831,0.9388136,0.11444791,0.3579503,0.07468399,0.12055917,0.2813086,0.8662611,0.3588487
GSM4299218,0.2075951,0.05588842,0.19409288,0.8944197,0.2830273,0.6056613,0.4037269,0.10281747,0.1275493,0.8717695,0.7647613,0.1432669,0.12657613,0.7440196,0.09191955,0.5217597,0.8175156,0.2550155,0.3177818,0.2468426,0.8482868,0.7758695,0.8582764,0.3062223,0.7633763,0.12752067,0.7607007,0.13430684,0.7876678,0.575755,0.8745196,0.7015094,0.9384002,0.7754326,0.7460994,0.2904548,0.286678,0.150164,0.6502943,0.2178687,0.8744384,0.8995492,0.13368391,0.2339215,0.8662502,0.9331341,0.7767896,0.8227657,0.14624455,0.4255739,0.7028581,0.1348895,0.6742693,0.3893538,0.1392342,0.6625515,0.932893,0.11626945,0.3040348,0.06615836,0.12096313,0.286167,0.8661404,0.4345726
GSM4299226,0.2017803,0.08177825,0.12943364,0.8879238,0.3074482,0.6270521,0.3510331,0.09721816,0.1441761,0.8863252,0.7188461,0.1503474,0.11950897,0.7250896,0.12678833,0.2339839,0.8607436,0.200887,0.3882566,0.1314359,0.8245418,0.7678528,0.8930805,0.2340734,0.7901179,0.15219549,0.772005,0.11548792,0.7692769,0.6132653,0.885547,0.686202,0.9170916,0.7502669,0.7688237,0.2700263,0.2811984,0.1089045,0.6174325,0.1628312,0.8339614,0.8893985,0.09712376,0.3101798,0.8479465,0.943369,0.7387286,0.8515997,0.20226071,0.5530671,0.853907,0.1361769,0.5372286,0.3591553,0.1216147,0.4861755,0.9178609,0.10362096,0.3097647,0.07463167,0.12347576,0.2514401,0.8081039,0.3815994
GSM4299229,0.2166534,0.06120869,0.14496105,0.8949892,0.295568,0.5958115,0.478052,0.10261035,0.1312822,0.8505242,0.6942119,0.1414413,0.13296823,0.7625649,0.11048446,0.2064267,0.860231,0.2158925,0.394151,0.3022424,0.8426871,0.7623678,0.8677126,0.2522827,0.7656239,0.14002521,0.806467,0.12069917,0.7596237,0.5622384,0.8287753,0.6920634,0.9246688,0.7997236,0.7259219,0.2761726,0.3092886,0.1364095,0.6612814,0.1709634,0.8477161,0.9052255,0.09104551,0.253796,0.8273446,0.9433468,0.7761565,0.8882372,0.14186446,0.4560506,0.7546178,0.1323293,0.5376705,0.3917164,0.1035598,0.6106018,0.9252741,0.10499988,0.3130297,0.0769737,0.1207948,0.283973,0.8481532,0.4629351
GSM4299232,0.2671467,0.08111434,0.14223943,0.9028566,0.2973672,0.6017787,0.3228663,0.11659857,0.1280621,0.8748322,0.7323184,0.1492838,0.12779097,0.7007771,0.11459556,0.1968828,0.8362287,0.1835383,0.4014277,0.2496071,0.8136918,0.6863252,0.8764027,0.3166227,0.7695103,0.14943287,0.8066395,0.10162547,0.8023389,0.5814415,0.8426419,0.6677905,0.9166269,0.7767041,0.7427319,0.1900448,0.2164974,0.165123,0.6748333,0.1453278,0.838696,0.8914309,0.09951308,0.2672353,0.8685307,0.935161,0.7387943,0.8680929,0.15213327,0.4715264,0.776199,0.1324266,0.6122158,0.3808758,0.1358844,0.5912458,0.9147255,0.11153067,0.3217127,0.08477586,0.1442514,0.2418567,0.8470035,0.4647602
GSM4299233,0.241447,0.0722416,0.15132269,0.920574,0.2710433,0.6127088,0.3580109,0.10579502,0.1384698,0.8604992,0.7244563,0.1371781,0.11111825,0.72254,0.09653411,0.2285099,0.85719,0.2199087,0.4496326,0.3762271,0.8033159,0.7884875,0.8944293,0.2918338,0.7747293,0.14003124,0.8046656,0.12376089,0.7693377,0.6055027,0.8497149,0.6521709,0.9242747,0.7624712,0.742754,0.2853236,0.2958807,0.132065,0.6256497,0.132788,0.8480056,0.8721772,0.09291857,0.2485084,0.8354064,0.9183889,0.7639935,0.894424,0.18258183,0.4970139,0.8301721,0.1443473,0.5828639,0.3091681,0.1285578,0.6142725,0.9260529,0.10126996,0.2648137,0.08122665,0.12144148,0.2634039,0.8797358,0.4126974
GSM4299240,0.2147358,0.06085068,0.13695952,0.9067949,0.2717294,0.6754188,0.3500586,0.08197671,0.1477719,0.8856144,0.7389512,0.1303652,0.10888946,0.7789384,0.09709645,0.2623481,0.8754094,0.231314,0.1819454,0.1249307,0.8452641,0.7680644,0.8242837,0.2539905,0.7621577,0.1016513,0.8000158,0.13185468,0.8385161,0.5749152,0.8715778,0.770043,0.9239792,0.7933028,0.7900694,0.194612,0.2168281,0.1409491,0.6663383,0.1505864,0.8823425,0.8859599,0.1069729,0.2084157,0.8730672,0.9345957,0.7503969,0.8706222,0.14226906,0.372717,0.7852997,0.1537701,0.6739919,0.3002206,0.1514419,0.5573994,0.941793,0.11601067,0.3443802,0.07814756,0.1249374,0.2321256,0.8646663,0.394959
GSM4299246,0.1818536,0.05175432,0.08866723,0.8978252,0.2642359,0.6765845,0.5069666,0.10600635,0.1378586,0.8683579,0.714345,0.1394996,0.11636433,0.7559214,0.09328473,0.3693552,0.8419859,0.2012923,0.2625557,0.1548251,0.8437055,0.8057928,0.8809039,0.234762,0.7328991,0.11429625,0.7720596,0.12921437,0.8256509,0.5395391,0.8627451,0.7117828,0.9130546,0.7770291,0.7825638,0.2557636,0.2632741,0.1620924,0.6435303,0.1602686,0.8711546,0.8900813,0.09601024,0.1878605,0.8689005,0.9227918,0.7811648,0.8428625,0.11658127,0.4068144,0.7536128,0.147434,0.6168546,0.3767737,0.144683,0.649144,0.9504653,0.11702505,0.3656862,0.06723826,0.11712698,0.274779,0.8497637,0.4838143
GSM4299248,0.2353799,0.06705168,0.0975068,0.8931733,0.2402002,0.6764311,0.3702999,0.13082821,0.1635901,0.8494341,0.7154344,0.1481488,0.1209911,0.7003922,0.097867,0.2775015,0.8530737,0.2702157,0.3316327,0.2359454,0.8308037,0.8035562,0.8683425,0.235324,0.7129112,0.12625352,0.7853058,0.14198838,0.7894621,0.6428826,0.8761866,0.7106696,0.8950425,0.711679,0.7813933,0.1665431,0.2194165,0.156686,0.5655533,0.1874594,0.8560301,0.8969097,0.12673963,0.232572,0.8346444,0.9353681,0.7263538,0.8529215,0.12478802,0.4624972,0.7065125,0.1493095,0.6235502,0.3286905,0.2018119,0.5256745,0.9478261,0.12558254,0.378308,0.08103528,0.13158786,0.2528872,0.8682912,0.4322025
GSM4299249,0.1751821,0.06101584,0.17487397,0.8937742,0.2194781,0.6721381,0.4001822,0.17084852,0.1539205,0.8535138,0.6939578,0.1446828,0.1377853,0.729068,0.07431436,0.2576042,0.8538368,0.1794234,0.2658744,0.1855633,0.8348462,0.7020011,0.8877687,0.198008,0.7397644,0.13223446,0.7838553,0.14023998,0.8084034,0.5885631,0.8664957,0.7898046,0.9284289,0.7516765,0.8055989,0.216408,0.2728186,0.144547,0.6717661,0.1892691,0.8671784,0.8428002,0.09123157,0.2651358,0.8634563,0.9257834,0.7511233,0.8531945,0.09219094,0.5077432,0.7512699,0.1488532,0.5925129,0.3552954,0.1602898,0.5356183,0.9440539,0.11198899,0.305743,0.07017178,0.13577134,0.2636703,0.8642629,0.4588729
GSM4299340,0.1964833,0.09114757,0.1176525,0.9052419,0.2949846,0.6062662,0.4787762,0.1013496,0.1252355,0.8839755,0.7333679,0.1441237,0.10882282,0.7335695,0.09464486,0.2298654,0.8640386,0.196461,0.3888409,0.3774693,0.8504522,0.732326,0.8278608,0.2859078,0.7656491,0.11586982,0.8102703,0.12747314,0.8212871,0.5564735,0.8723703,0.6056687,0.9029411,0.7884633,0.7609062,0.2499264,0.3230561,0.1304455,0.6861653,0.1640135,0.8729742,0.8871791,0.09912147,0.1944731,0.8669573,0.9284311,0.8100227,0.8655242,0.1185279,0.3438762,0.791113,0.1246094,0.5747701,0.3375951,0.1325977,0.6353924,0.94477,0.09514877,0.3247376,0.08467476,0.11198286,0.3293126,0.870123,0.4202105
GSM4299343,0.2118145,0.05443847,0.13100849,0.910231,0.2403313,0.5823959,0.3725828,0.10037998,0.1346889,0.8748678,0.777335,0.1536297,0.1102931,0.7023683,0.09132732,0.1865915,0.8578246,0.2154276,0.5246967,0.4652007,0.7931348,0.7999793,0.8647909,0.2137517,0.7817849,0.11768524,0.8197302,0.12824517,0.817839,0.5684082,0.8864546,0.7320645,0.9153924,0.8165246,0.7617596,0.2228741,0.2632897,0.1269093,0.6787133,0.1379813,0.8921699,0.8762693,0.09824762,0.1886623,0.8611867,0.9346963,0.7884335,0.8732457,0.1169517,0.3911049,0.7997492,0.1372855,0.6561037,0.3358773,0.1549871,0.6085651,0.948994,0.12162893,0.300285,0.09311703,0.11548642,0.2717538,0.8478519,0.4575556
GSM4299344,0.163633,0.06132251,0.10007641,0.9047188,0.2907014,0.5892697,0.4098032,0.14119905,0.1217665,0.8828609,0.7290993,0.1633499,0.12703851,0.7253717,0.09815991,0.219976,0.8509538,0.2019572,0.487529,0.4165942,0.8194595,0.7535993,0.8722592,0.2427587,0.8072894,0.11237014,0.7982423,0.11685214,0.809822,0.6014981,0.8917774,0.7610994,0.9091876,0.805387,0.7612061,0.2321342,0.2777588,0.1468047,0.6830453,0.1612735,0.8893131,0.8651843,0.10508636,0.2136821,0.8683935,0.9413578,0.7762571,0.8583638,0.12050865,0.4356991,0.7913348,0.1425806,0.7192875,0.3843285,0.1256483,0.5933558,0.9438306,0.10504272,0.2393039,0.09635202,0.11801901,0.2257601,0.8523817,0.3589042
GSM4299353,0.1686438,0.06098154,0.15523777,0.9000679,0.3154505,0.6111066,0.3917035,0.12006638,0.1411778,0.8851359,0.7578918,0.1469595,0.13332203,0.7394938,0.1023659,0.2356911,0.8534274,0.191884,0.3059989,0.2820575,0.8299501,0.7522601,0.8405944,0.2386173,0.7522602,0.11904733,0.760332,0.13828947,0.8235999,0.573523,0.867499,0.6797906,0.9258552,0.8316289,0.7382023,0.2788753,0.3094479,0.1553255,0.6755269,0.1586689,0.8918693,0.8917744,0.10683736,0.211034,0.8657846,0.9415044,0.7779702,0.8641743,0.10827877,0.3704644,0.7425452,0.1470406,0.7012081,0.3817105,0.1557135,0.6548393,0.9452693,0.11034019,0.3617097,0.09196158,0.13477684,0.2589397,0.8769972,0.3980172
GSM4299355,0.1916595,0.05664921,0.11578697,0.8966489,0.2192361,0.6272676,0.3881768,0.14441978,0.1266683,0.8919494,0.7205161,0.1270348,0.11117574,0.7552217,0.08119357,0.2025495,0.8511287,0.2016398,0.3465156,0.3285515,0.8346561,0.7759031,0.8479728,0.2552339,0.7978648,0.10254637,0.8161539,0.13322263,0.8277174,0.5722952,0.8824284,0.746652,0.91591,0.819302,0.7624989,0.2185882,0.2247661,0.1361742,0.7012476,0.1683786,0.8809982,0.895779,0.09646348,0.2151124,0.8723379,0.9397255,0.7740368,0.8675196,0.13270196,0.3984455,0.7611081,0.1392376,0.6477906,0.3027959,0.1593157,0.5840137,0.938223,0.10936315,0.3543443,0.07897397,0.1264495,0.2845678,0.8576238,0.3796282
GSM4299357,0.1879135,0.07305311,0.11216018,0.9043422,0.3003268,0.6079971,0.5491508,0.11305509,0.1425367,0.8677697,0.7919933,0.1438119,0.12500074,0.7347288,0.10063827,0.2095174,0.830814,0.2278082,0.4823832,0.4306802,0.816695,0.7586091,0.8707145,0.3343881,0.755938,0.10827009,0.7946771,0.11027491,0.7847516,0.5551209,0.8608677,0.768589,0.914645,0.8197363,0.7652899,0.1858464,0.2298481,0.1316471,0.6602398,0.2278762,0.8750859,0.9001304,0.09831645,0.2320038,0.8387187,0.9322974,0.8107926,0.8546824,0.14255083,0.405853,0.6335452,0.1397722,0.6105854,0.4010918,0.1484729,0.64673,0.9401127,0.11330292,0.3324538,0.08075945,0.13236151,0.3215317,0.8620736,0.4515947
GSM4299367,0.1856325,0.05940676,0.10550387,0.9097637,0.2968739,0.5719228,0.4209342,0.11657948,0.1300867,0.8583566,0.7412486,0.1329773,0.12357042,0.7233809,0.10720806,0.2618952,0.8764732,0.2626263,0.3494537,0.175567,0.800491,0.7586254,0.8621996,0.2633847,0.7470993,0.14382062,0.810007,0.13035052,0.7923065,0.6007142,0.8459607,0.6940237,0.9317767,0.7919417,0.7644332,0.3247983,0.323991,0.1392599,0.6501646,0.1297057,0.8465948,0.8888317,0.09455023,0.2643519,0.8446008,0.9198276,0.7880015,0.8750692,0.1627721,0.4672079,0.7658678,0.1286281,0.6320314,0.3813804,0.1251676,0.6554563,0.9364239,0.10061463,0.3230834,0.08287629,0.11027792,0.256219,0.8711932,0.4550518
GSM4299370,0.2191352,0.09522435,0.11552453,0.9059181,0.2214654,0.7119979,0.4362829,0.09383591,0.1359895,0.8920171,0.7413936,0.1370141,0.10475254,0.7523857,0.06498526,0.2453441,0.8514023,0.1804878,0.4054413,0.3257083,0.8010979,0.7770183,0.8495141,0.2893445,0.7825609,0.11620538,0.7880279,0.12772893,0.8177228,0.5032496,0.8927911,0.7612154,0.910416,0.806388,0.7485367,0.2657073,0.3295258,0.1288749,0.70397,0.1405821,0.8825404,0.8907031,0.07844367,0.2024461,0.8585365,0.9323094,0.7788457,0.862392,0.15841362,0.381337,0.7279812,0.1487591,0.6180369,0.3642049,0.1547774,0.61613,0.9482554,0.10527781,0.3374298,0.09821657,0.1159859,0.2847757,0.8483968,0.5310106
GSM4299374,0.1910798,0.09014958,0.08966155,0.884736,0.2204021,0.7103505,0.5256325,0.11606131,0.1421863,0.8864161,0.7350855,0.1537153,0.10107158,0.7481962,0.09120208,0.222934,0.8253943,0.2293567,0.4995308,0.4837631,0.8247491,0.7871275,0.867635,0.3021483,0.7866233,0.11328459,0.8017609,0.10537745,0.8115083,0.5495527,0.8562635,0.7273948,0.9049201,0.7700051,0.7675245,0.2872829,0.3532668,0.165513,0.6350635,0.1665284,0.8732997,0.8808035,0.08248497,0.2486927,0.8711651,0.9436187,0.7573177,0.8476463,0.12834772,0.4200912,0.7368454,0.1359835,0.5559034,0.41485,0.14321,0.5785495,0.931248,0.11166476,0.3139622,0.08506275,0.11730397,0.3109428,0.8480219,0.4998731
GSM4299376,0.1957427,0.07873583,0.11975185,0.9124904,0.2332693,0.7106371,0.5306134,0.09926409,0.136098,0.8823321,0.7165904,0.1455972,0.12071144,0.7808804,0.09973768,0.2869873,0.8262862,0.2045769,0.5331343,0.4429037,0.8147684,0.776194,0.8090164,0.3029425,0.7522219,0.10635096,0.7787424,0.12957189,0.8249846,0.5121504,0.8836519,0.7438205,0.9319161,0.792687,0.7563126,0.3574578,0.3875884,0.1395973,0.643868,0.1744576,0.8805274,0.8753429,0.09053498,0.2055602,0.8721157,0.9295616,0.7699368,0.8484865,0.12081555,0.3509192,0.7486986,0.1479116,0.6176534,0.4307458,0.1488658,0.5818672,0.9422336,0.10452765,0.3525323,0.07692541,0.11604409,0.2928541,0.8484545,0.4735631
GSM4299377,0.1755998,0.05245695,0.13409368,0.9038951,0.2903287,0.7195221,0.5256469,0.12446403,0.1307788,0.8761097,0.7466864,0.1252698,0.11158635,0.7669148,0.08355467,0.3847322,0.8525283,0.173484,0.4277842,0.3142086,0.8818678,0.7444097,0.8382955,0.2232656,0.7640732,0.11146174,0.7829088,0.13573375,0.8289306,0.5078238,0.8679674,0.7800357,0.9180388,0.7820848,0.7742848,0.2974286,0.2967634,0.1177504,0.6671922,0.2203014,0.8767629,0.9126674,0.08423237,0.2291936,0.8646765,0.9439397,0.7735177,0.8581631,0.12670176,0.3939011,0.7284075,0.1262706,0.6392323,0.3821734,0.1481214,0.5595926,0.9459821,0.12471597,0.3536574,0.0915528,0.13403993,0.2724298,0.8593586,0.3376691
GSM4299386,0.2181475,0.0450287,0.14026195,0.8805943,0.290709,0.6064425,0.3964061,0.08003804,0.1606176,0.8774152,0.73115,0.1284429,0.10521885,0.7096378,0.09584191,0.2019012,0.8389283,0.1914705,0.1936633,0.1660463,0.8317961,0.6805834,0.8680281,0.2173482,0.7378015,0.11783721,0.7853641,0.117799,0.8138177,0.5936299,0.8708827,0.7024778,0.9175889,0.7965353,0.7728779,0.1754835,0.223314,0.1637839,0.6822466,0.1264788,0.8799518,0.8831422,0.06275864,0.2378248,0.8793014,0.9416431,0.742477,0.848255,0.13419977,0.4140664,0.7763206,0.126309,0.6968627,0.3557903,0.1488643,0.5551801,0.9260727,0.11622227,0.317451,0.06499162,0.1254262,0.2955204,0.8621808,0.4207504
GSM4299389,0.2084472,0.08111077,0.1197894,0.8496908,0.294802,0.6573897,0.4875499,0.1226613,0.1250814,0.8696714,0.766613,0.1120452,0.11545242,0.765243,0.11285337,0.298824,0.784706,0.1680127,0.3408359,0.3537212,0.8625745,0.7806921,0.8843318,0.2656548,0.7103782,0.12711276,0.757796,0.1389366,0.7464623,0.6155567,0.8775953,0.7905244,0.9158505,0.7839273,0.7892229,0.1825873,0.2562232,0.1542099,0.6322936,0.1589132,0.8625843,0.8915931,0.09724481,0.238553,0.8398084,0.9321564,0.7754945,0.836537,0.13963823,0.383819,0.7211167,0.1427548,0.5856712,0.3975885,0.1226145,0.5596938,0.9370796,0.13183267,0.3005016,0.0638718,0.12639188,0.3149627,0.8617223,0.4262817
GSM4299396,0.2088454,0.08084663,0.12269466,0.902226,0.2361058,0.6334857,0.3892052,0.12676355,0.1442084,0.8946832,0.7255371,0.1621469,0.12009906,0.7213326,0.08766313,0.2379807,0.8408968,0.2074281,0.4696667,0.4771346,0.8169135,0.7721396,0.853355,0.3159112,0.7816538,0.10751481,0.8185076,0.14782573,0.8273784,0.5862047,0.875907,0.7793013,0.9125752,0.7776946,0.8202086,0.3523547,0.3990702,0.1476194,0.68829,0.1453598,0.8853125,0.8855477,0.08674587,0.2811509,0.8639166,0.9202419,0.7866071,0.8423861,0.14486792,0.4201778,0.7858265,0.1508512,0.7060033,0.3572568,0.1414564,0.5041083,0.9492513,0.11617391,0.3718494,0.07695508,0.13479404,0.2713785,0.8655542,0.4360132
GSM4299399,0.2222064,0.08952527,0.0912358,0.8969318,0.2194798,0.6254307,0.5432822,0.09352235,0.1111657,0.8678089,0.7376068,0.1431776,0.12695215,0.7691274,0.09504818,0.2255155,0.8365323,0.2355551,0.4686097,0.4266788,0.8345581,0.761734,0.8730996,0.2843248,0.7841037,0.12820243,0.8008086,0.1222028,0.8317785,0.5598255,0.8760397,0.7346807,0.9202427,0.7921968,0.7460289,0.234185,0.2652964,0.1320192,0.6807118,0.1551156,0.8863405,0.8794179,0.09594232,0.2380511,0.8822931,0.9435752,0.7876903,0.8374074,0.1284343,0.402896,0.7605565,0.1354468,0.6509895,0.4351937,0.1519826,0.5736496,0.9398711,0.11962046,0.352808,0.07819758,0.12337288,0.2977627,0.8638449,0.4779831
GSM4299402,0.2110725,0.06919198,0.11706829,0.8999281,0.25169,0.6428325,0.4877578,0.09080185,0.1394119,0.9028172,0.7053026,0.1447751,0.10755311,0.7525156,0.09979217,0.2916034,0.8572051,0.1789073,0.360782,0.3349067,0.8063205,0.7250594,0.8662841,0.3034939,0.7853309,0.11613791,0.7973998,0.11227638,0.7977845,0.5504386,0.8627651,0.7860649,0.9022408,0.7975489,0.7549919,0.3355381,0.3049121,0.133976,0.6532892,0.1602451,0.8812744,0.8774691,0.09680851,0.2180328,0.8525347,0.9371918,0.7967981,0.8466436,0.13549024,0.3749817,0.7066304,0.1511414,0.6384469,0.3999017,0.1394366,0.6208464,0.9423181,0.11960172,0.3740097,0.07023693,0.13130506,0.3210159,0.8384322,0.477965
GSM4299404,0.1915003,0.0763727,0.13620899,0.8933076,0.3083015,0.5895371,0.2319239,0.12319593,0.1512349,0.8613845,0.7675906,0.1423571,0.12883904,0.7571458,0.09560017,0.2054537,0.8672766,0.2134827,0.5027343,0.4641391,0.8439831,0.7906089,0.8577537,0.1653471,0.7666785,0.11492173,0.7945916,0.12767696,0.8137511,0.5517533,0.8560988,0.7631081,0.9090906,0.7810207,0.7719605,0.1752858,0.1712438,0.1232496,0.7096498,0.310146,0.8604143,0.8957981,0.1077205,0.2531865,0.8558922,0.9185855,0.7623969,0.8244704,0.13091084,0.4253629,0.7976634,0.1523017,0.7268827,0.2653534,0.1390419,0.5626888,0.9372959,0.10954495,0.3147228,0.10492532,0.1414331,0.3803548,0.8686796,0.4473311
GSM4299405,0.1335954,0.07072464,0.08437752,0.9191696,0.2409501,0.6096707,0.5752578,0.12854881,0.1354247,0.9088283,0.7333838,0.1483452,0.11471132,0.7904597,0.10772529,0.3537741,0.8606147,0.1964094,0.2005848,0.1590204,0.8017674,0.7359381,0.8499745,0.3307674,0.7499333,0.10982705,0.7985338,0.12342236,0.8156771,0.5049037,0.8997253,0.7936494,0.9136092,0.8402916,0.7658586,0.261753,0.2921387,0.154622,0.6279079,0.1665877,0.864567,0.9091451,0.09759349,0.2070768,0.8542386,0.934067,0.8237205,0.878647,0.13083727,0.3757473,0.7560263,0.1173731,0.6529426,0.3151841,0.1439992,0.6584237,0.9432749,0.10566444,0.3397873,0.08716563,0.13006965,0.1986421,0.8598081,0.4084808
GSM4299406,0.1930966,0.0863347,0.10919483,0.8945487,0.2872113,0.5820277,0.3629922,0.10253739,0.1321835,0.8930819,0.7305925,0.1534712,0.11295536,0.7508981,0.0878588,0.1769062,0.8580036,0.2045371,0.3476096,0.2566484,0.819944,0.7790254,0.8676473,0.2497257,0.7732692,0.11635454,0.8068301,0.13444784,0.786398,0.6009344,0.8597993,0.7443381,0.9111678,0.7967833,0.7680352,0.2353565,0.2556744,0.1469543,0.6852027,0.1477258,0.8710309,0.8716113,0.12000549,0.2101375,0.8516848,0.9304242,0.817364,0.850498,0.11885359,0.4323675,0.8205582,0.1475109,0.6927584,0.3672916,0.118129,0.6087261,0.9384259,0.09677175,0.3076611,0.08382228,0.12075739,0.2792379,0.8517613,0.4083522
GSM4299407,0.1993957,0.0578822,0.08920649,0.8911603,0.2913192,0.6080352,0.490923,0.10051939,0.1324846,0.8915272,0.696821,0.1404355,0.12188075,0.7384203,0.0856664,0.3226666,0.8782719,0.1939097,0.416947,0.4030542,0.8163842,0.7714513,0.8431262,0.2597925,0.7695329,0.11889817,0.798623,0.11821846,0.8166539,0.5265933,0.8770239,0.6455414,0.9204815,0.778182,0.7682454,0.2178429,0.2061847,0.1227198,0.6755513,0.1501323,0.8776608,0.8796141,0.08587425,0.2033872,0.8758719,0.9511039,0.8069614,0.8289028,0.12580916,0.4300214,0.7391682,0.1396352,0.6226859,0.4213755,0.1311156,0.6413388,0.9460792,0.11069262,0.3616567,0.09008441,0.12549438,0.2632094,0.8643259,0.4820022
GSM4299409,0.2017592,0.09266888,0.08942324,0.8995209,0.2888073,0.5797687,0.3664417,0.11958977,0.1311121,0.8720884,0.702092,0.1296766,0.11268014,0.6904752,0.09797901,0.2211118,0.8433731,0.1911076,0.2681515,0.2570537,0.795087,0.7259929,0.8370071,0.2613085,0.741255,0.11538851,0.7822522,0.11592178,0.827442,0.557799,0.8707803,0.7156942,0.9107124,0.7864741,0.758897,0.2321365,0.2577677,0.1525862,0.6619962,0.1656142,0.8834585,0.8947733,0.10702076,0.2080043,0.8562531,0.9464938,0.7655506,0.863239,0.12312063,0.4322046,0.7803889,0.1435994,0.6500902,0.3763887,0.1520103,0.6331392,0.941893,0.10929477,0.3132408,0.1012917,0.11999103,0.2974463,0.8609873,0.45405
GSM4299412,0.1899617,0.07879987,0.11459352,0.8846076,0.3112463,0.612174,0.489881,0.10194718,0.1442175,0.8781151,0.7561482,0.1558667,0.11033226,0.7362142,0.08461788,0.2215301,0.8521626,0.1893779,0.4029997,0.3548504,0.8243498,0.6307567,0.8430519,0.344783,0.7887674,0.12875192,0.7926152,0.12690615,0.8334084,0.5358169,0.8861005,0.6493622,0.9162918,0.7794573,0.8179941,0.2690233,0.2805067,0.1661262,0.6807093,0.1634955,0.8449745,0.8993535,0.09779042,0.2080552,0.8587987,0.930155,0.7931132,0.8567183,0.13473093,0.4402557,0.8068354,0.1513993,0.6430051,0.3732355,0.1336672,0.5532716,0.9492166,0.09235798,0.3004164,0.10059886,0.11533419,0.2997608,0.8494245,0.4224557
GSM4299413,0.1834547,0.07582046,0.13423567,0.876667,0.2908047,0.5957042,0.3441301,0.15202384,0.1327149,0.8732642,0.7538312,0.1331548,0.11221668,0.7468817,0.10292674,0.198192,0.8324641,0.2320348,0.285288,0.2987985,0.8536086,0.7045049,0.8529622,0.2433038,0.7369819,0.12441201,0.7799384,0.13270844,0.8083658,0.6109728,0.8661223,0.7443236,0.9072104,0.7425858,0.7889863,0.1536928,0.2503621,0.155194,0.6809979,0.1587759,0.8782342,0.8803781,0.10916751,0.2136124,0.8552572,0.935117,0.7776318,0.8459957,0.16400709,0.4341562,0.7839987,0.1410234,0.6298355,0.375848,0.1182002,0.5692178,0.9483808,0.09807967,0.2922741,0.09205919,0.12793345,0.2853259,0.8584925,0.4608305
GSM4299415,0.2152748,0.07443892,0.15312853,0.902778,0.2899084,0.5643737,0.397462,0.1253154,0.1376562,0.8819768,0.7667328,0.1440083,0.13069778,0.7192587,0.07855355,0.1790566,0.8418301,0.1705861,0.30422,0.279268,0.8369206,0.7480701,0.865362,0.2964698,0.7489066,0.11804559,0.7905254,0.12845786,0.7957463,0.5779491,0.8752918,0.7964698,0.9250501,0.7827034,0.7504917,0.2466017,0.2632918,0.1349005,0.6645131,0.1319671,0.8701965,0.9095424,0.09753211,0.2061373,0.8497804,0.9355922,0.7804031,0.8568871,0.14348789,0.4211044,0.7387068,0.1456668,0.671207,0.3787368,0.1499688,0.5781066,0.9372367,0.12892448,0.3370056,0.0765837,0.12243972,0.2467637,0.8574992,0.4125105
GSM4299416,0.1869959,0.0574505,0.17530114,0.9105025,0.3249247,0.5722755,0.3086513,0.10962211,0.1566672,0.8759965,0.7565287,0.1159905,0.12821438,0.7453328,0.11047534,0.2001321,0.6438451,0.2008935,0.2289485,0.2496867,0.8714118,0.8000717,0.8699009,0.1887383,0.7713515,0.1053145,0.7969184,0.0996608,0.772364,0.5695016,0.8837613,0.6946393,0.9236319,0.8014933,0.7609277,0.1623912,0.1844745,0.1255426,0.6508954,0.1521049,0.8830179,0.8991075,0.10974013,0.2146118,0.8649417,0.9363754,0.7699478,0.8537054,0.13935315,0.4174065,0.8092495,0.1337395,0.6748068,0.308948,0.1365541,0.5961179,0.9301259,0.11426384,0.3889113,0.09772125,0.14971396,0.2522347,0.8856215,0.3998054
GSM4299420,0.1782384,0.07341951,0.14084067,0.8989677,0.2904296,0.5645511,0.3699529,0.1051486,0.148562,0.8864257,0.7182237,0.141895,0.12139274,0.6987473,0.09529254,0.1890622,0.8315297,0.1990495,0.6167318,0.5362434,0.8242606,0.796327,0.8623911,0.2211804,0.7664249,0.11134876,0.7932205,0.12762145,0.7832416,0.58148,0.8515497,0.7322555,0.9204776,0.772382,0.7932262,0.1857764,0.2305655,0.1327012,0.6654664,0.1629731,0.8536403,0.8969531,0.09846034,0.2390253,0.8438238,0.9161864,0.7769684,0.8832572,0.12362765,0.4312507,0.6976427,0.1380838,0.6520238,0.3509686,0.139522,0.5730724,0.9311844,0.12349136,0.3411476,0.07191169,0.13822706,0.2372967,0.8561647,0.4321143
GSM4299422,0.182041,0.08579773,0.10582546,0.9022622,0.2863277,0.5996806,0.5182362,0.16582597,0.1412193,0.882728,0.7327089,0.1558699,0.11903448,0.7297336,0.08417349,0.2215858,0.8099213,0.2129173,0.2421515,0.2002756,0.8249525,0.7686518,0.8842575,0.2135593,0.7650507,0.11086297,0.7783092,0.1191066,0.8046383,0.5589307,0.86043,0.7427176,0.9218513,0.7949853,0.747484,0.2222709,0.283686,0.1442262,0.699985,0.1505086,0.8710735,0.8853703,0.10336919,0.2330158,0.8722453,0.9283133,0.7358198,0.8686051,0.12643012,0.4131434,0.7091965,0.1357277,0.6507533,0.3854741,0.1327539,0.612959,0.939435,0.11529999,0.3313555,0.0638388,0.12248697,0.296337,0.8614904,0.4666371
GSM4299425,0.1958801,0.08817805,0.12163712,0.8838686,0.2666707,0.5859566,0.3061004,0.09516359,0.1539416,0.8934287,0.7710875,0.1330989,0.1404229,0.6550192,0.08815809,0.1883974,0.8544537,0.1994652,0.5795791,0.4906073,0.8613452,0.7670312,0.8864613,0.2206658,0.7967539,0.10240229,0.8031306,0.1324501,0.7932973,0.631629,0.8763507,0.7042165,0.9207042,0.7768652,0.7851361,0.2159377,0.2035921,0.1489445,0.6679144,0.2019253,0.8768201,0.8770684,0.08653379,0.2183247,0.8762556,0.9380885,0.7523616,0.8363849,0.12980518,0.5051786,0.7746826,0.1410898,0.6708402,0.296761,0.1249065,0.5626161,0.9425441,0.14608087,0.2360394,0.06695332,0.11445692,0.2835882,0.8498257,0.4301442
GSM4299428,0.2123209,0.06077167,0.13721128,0.8941394,0.2865887,0.6278851,0.5000038,0.08775945,0.1416179,0.8908622,0.7089638,0.1390201,0.10592344,0.7587279,0.11675306,0.2081358,0.8308352,0.2035008,0.5061093,0.5208311,0.825963,0.7284898,0.8675267,0.2450151,0.7323744,0.11407265,0.7844833,0.11758728,0.8005624,0.5520793,0.8938058,0.7829926,0.9246023,0.7655227,0.8043066,0.204854,0.245729,0.1261237,0.625076,0.1363729,0.8808243,0.8781486,0.08529284,0.2407861,0.8542415,0.9181774,0.7894443,0.8389461,0.14776487,0.4327027,0.7183746,0.1434078,0.6461654,0.4208256,0.1329437,0.6304037,0.9330745,0.11906372,0.3433954,0.07932787,0.1198351,0.4089356,0.8423085,0.4746391
GSM4299430,0.1794807,0.06923899,0.13004274,0.9051418,0.2711359,0.6236138,0.5606403,0.10978331,0.134121,0.8669548,0.7325175,0.1499774,0.10719277,0.7888417,0.08258899,0.248098,0.8191367,0.2145809,0.3545655,0.3047085,0.8348093,0.7844845,0.8606235,0.3170748,0.7723097,0.1175569,0.801947,0.13436783,0.8115908,0.523703,0.8840316,0.7443474,0.9002441,0.8019307,0.7656359,0.238557,0.342284,0.1303424,0.6476839,0.1372277,0.880881,0.8825774,0.09532569,0.224899,0.8651064,0.9379568,0.7695612,0.8248584,0.13489783,0.3611753,0.7872341,0.1349296,0.6603648,0.4030765,0.133803,0.6673005,0.9167975,0.09870179,0.3229642,0.09124011,0.12474128,0.3184215,0.864584,0.4641081
GSM4299435,0.1688048,0.09092375,0.1208736,0.8859333,0.3514094,0.6500491,0.4977934,0.11569542,0.1279656,0.8887987,0.7793263,0.1617181,0.13776241,0.7727611,0.1047496,0.2254661,0.8330682,0.1902456,0.3905696,0.3658497,0.8476706,0.7763116,0.8735772,0.2479538,0.7375194,0.12023965,0.7888991,0.12622391,0.8126375,0.5445996,0.8886701,0.76109,0.9209139,0.8117053,0.7567571,0.2248524,0.2545897,0.138197,0.6656571,0.1458194,0.886442,0.8739719,0.09368845,0.2189097,0.8821982,0.9410435,0.7635416,0.8406462,0.14257524,0.3874898,0.7833695,0.1556096,0.6702359,0.3816365,0.1345122,0.6148068,0.9417069,0.12503553,0.3062062,0.08114294,0.12196315,0.2543054,0.8709449,0.3709745
GSM4299452,0.1905703,0.07682836,0.14528375,0.8896467,0.2329732,0.6139305,0.3738115,0.11702086,0.140167,0.881832,0.7572968,0.1256512,0.10670068,0.7086922,0.09172951,0.3168155,0.8353553,0.2252355,0.1935449,0.1479952,0.8546527,0.7497968,0.8429539,0.3053263,0.7793998,0.11664579,0.7841467,0.13131276,0.8233029,0.6119064,0.8661981,0.7179565,0.9220607,0.7579892,0.7916801,0.2147739,0.2513772,0.1525119,0.6393712,0.1885634,0.8788624,0.8874388,0.10177131,0.2458928,0.8446619,0.9403998,0.7734072,0.8441795,0.1531967,0.4582394,0.7719732,0.1372064,0.6654316,0.3697681,0.150484,0.6139756,0.9455086,0.12478819,0.3387776,0.08270771,0.13648798,0.282554,0.8666815,0.3670096
GSM4299460,0.1988435,0.06645026,0.11808093,0.8947817,0.2554485,0.625985,0.3371273,0.13333823,0.1478132,0.8756994,0.7525573,0.1591133,0.10693868,0.7220253,0.1018507,0.219895,0.8353558,0.2360028,0.3341077,0.3285282,0.8730561,0.761231,0.9069676,0.1627344,0.7211244,0.11306362,0.8005248,0.15806495,0.7959589,0.5828441,0.8936736,0.7424217,0.925463,0.7650574,0.8026544,0.209635,0.2579321,0.1570399,0.6589864,0.210982,0.8656683,0.8595667,0.09205789,0.2481417,0.8624353,0.9251886,0.7414903,0.8499077,0.13234767,0.4337409,0.7837447,0.1509121,0.6693711,0.344807,0.1495917,0.6281114,0.9458274,0.12694566,0.4056473,0.07111748,0.12498339,0.283978,0.8587776,0.4392131
GSM4299461,0.2124541,0.08106967,0.13774124,0.888017,0.2816297,0.6323607,0.5247804,0.10873528,0.1525004,0.886923,0.7257995,0.1513212,0.10989017,0.7802352,0.09153575,0.2127847,0.8614983,0.178421,0.3210224,0.2794396,0.8149838,0.8102809,0.8541623,0.2482739,0.6895081,0.12092013,0.7689249,0.14237035,0.8151967,0.5496967,0.8661907,0.7062601,0.9123667,0.7866649,0.7937361,0.2375562,0.3531516,0.1424418,0.6692416,0.1819668,0.8739669,0.8816471,0.07671836,0.2563068,0.8645693,0.9330179,0.7830944,0.8330137,0.13350356,0.4047325,0.758013,0.1377374,0.6259084,0.3890069,0.1325413,0.6410158,0.9367678,0.10827633,0.3521774,0.09571085,0.10993073,0.2105858,0.872145,0.3649194
GSM4299462,0.1948191,0.06994647,0.10940672,0.9025291,0.2850192,0.6191581,0.5262364,0.11016978,0.129396,0.8728921,0.7388217,0.1370689,0.12431632,0.7101716,0.0908775,0.1893643,0.8152473,0.2367409,0.3245007,0.2624866,0.8251102,0.8373294,0.8754727,0.2548864,0.7573818,0.12730064,0.7808506,0.12343839,0.7956692,0.5622464,0.8707542,0.6973692,0.9385718,0.7784114,0.8026932,0.2926613,0.2821971,0.1586722,0.6371622,0.1590048,0.8767263,0.9108368,0.10659606,0.2555244,0.8821522,0.935049,0.7656659,0.8689184,0.1549597,0.4513315,0.7136925,0.1219645,0.6670493,0.4025257,0.1265941,0.659115,0.9419273,0.13847921,0.37821,0.07785925,0.11177325,0.2459202,0.8805375,0.4020833
GSM4299464,0.2223471,0.05902897,0.10195229,0.8827292,0.2396741,0.6019028,0.3883268,0.15254811,0.1264401,0.8698608,0.7120072,0.142688,0.11389875,0.7378357,0.10129881,0.2798487,0.8064094,0.2110736,0.5353995,0.5006655,0.8523563,0.7692986,0.8573698,0.2484863,0.7675442,0.12164546,0.798882,0.12148041,0.7912535,0.5868837,0.869479,0.7540875,0.9262334,0.7606575,0.7875806,0.2506223,0.2321653,0.1557941,0.6820297,0.1722017,0.8771797,0.8695465,0.09087702,0.2219545,0.8520424,0.9194925,0.7353951,0.8218797,0.13556868,0.4294665,0.7414715,0.1449038,0.6658701,0.4029257,0.1335303,0.6161996,0.9405248,0.11631266,0.3123483,0.07667431,0.12508145,0.2928017,0.8471955,0.4535044
GSM4299467,0.1615373,0.05241561,0.13423267,0.8993496,0.2616285,0.6138283,0.3827028,0.12221044,0.1313695,0.8659988,0.7197777,0.1394237,0.1368209,0.7695332,0.07493054,0.2115246,0.8334818,0.2074315,0.2589148,0.2376295,0.8286816,0.7971268,0.8499283,0.2685509,0.757837,0.12013102,0.7924575,0.12582763,0.8269684,0.5677643,0.8744483,0.767779,0.9011116,0.7970683,0.7799591,0.2059711,0.2347767,0.1455394,0.6635661,0.1106058,0.88047,0.8729833,0.08794159,0.2450279,0.8524752,0.9431684,0.7773844,0.8707491,0.13129611,0.4346077,0.8060127,0.13286,0.6563539,0.3356856,0.1587877,0.531625,0.9413853,0.1074474,0.2930205,0.08986081,0.10551164,0.2449238,0.8479409,0.4750807
GSM4299471,0.2158416,0.03900463,0.12913228,0.9078574,0.2994444,0.5950001,0.4339654,0.12770049,0.1346192,0.8948111,0.7481144,0.1332774,0.09532591,0.7715503,0.08149412,0.195852,0.6227827,0.1977818,0.4020353,0.3350336,0.8504125,0.7863314,0.860131,0.2124073,0.7493127,0.12596817,0.7822961,0.12035664,0.79423,0.5581531,0.8729393,0.802629,0.9219361,0.7922615,0.7879576,0.2101416,0.2551552,0.1251006,0.6578972,0.1352325,0.8879144,0.8866422,0.0790716,0.2274043,0.8487755,0.9295427,0.777085,0.8456257,0.13396097,0.3905693,0.7736855,0.1487497,0.6667385,0.3615557,0.1415503,0.6435738,0.935879,0.09993113,0.2964073,0.08117355,0.11955313,0.3884205,0.8492331,0.4461005
GSM4299474,0.1636171,0.05252962,0.13534398,0.9013569,0.2808535,0.617362,0.4449423,0.10417091,0.1481416,0.881847,0.7769342,0.1294262,0.13385114,0.7351505,0.11176459,0.2495917,0.8557862,0.1853643,0.5263357,0.5188355,0.8511521,0.806916,0.86373,0.2533279,0.7553583,0.11185763,0.777359,0.11445882,0.7929748,0.5723917,0.8788826,0.7711065,0.9230823,0.7954204,0.7782172,0.2433606,0.2470513,0.1367832,0.7190236,0.2072673,0.8680427,0.8842684,0.086223,0.2306387,0.8546031,0.9358327,0.7515483,0.8656643,0.13405106,0.4267439,0.7285435,0.1427597,0.6584242,0.3903807,0.1395495,0.6080314,0.9415018,0.1391935,0.3339544,0.07619274,0.12346835,0.2395064,0.8636458,0.49612
GSM4299475,0.1973341,0.07696386,0.13129132,0.8994965,0.2501258,0.6271581,0.3876575,0.11752987,0.135131,0.861748,0.7469159,0.1502277,0.11666968,0.7444519,0.11729421,0.1914502,0.842593,0.1698613,0.343939,0.3002174,0.8444864,0.7441132,0.8290325,0.2886804,0.745724,0.12043643,0.8093446,0.12830588,0.811763,0.5300991,0.8715423,0.7383624,0.9163713,0.7432275,0.7569777,0.2050871,0.2392812,0.1719837,0.655716,0.1250979,0.8737843,0.8900496,0.08013462,0.2176355,0.8721437,0.9395333,0.778072,0.8484245,0.11030605,0.4237992,0.7880802,0.1343414,0.6232498,0.3979161,0.1530466,0.5813183,0.9408723,0.11291635,0.3180786,0.07260476,0.12418244,0.3161556,0.8485304,0.4653109
GSM4299480,0.16993,0.04719108,0.1201547,0.9025362,0.2630912,0.6160944,0.4758644,0.13426734,0.1345471,0.8703578,0.793721,0.1411677,0.11715577,0.7026513,0.1055133,0.2871845,0.8239818,0.2172519,0.2551725,0.2601167,0.8488693,0.780161,0.8626588,0.2497977,0.7346905,0.12678826,0.8025592,0.13003096,0.8387549,0.6013924,0.8634517,0.7897802,0.9330134,0.7790206,0.7715046,0.2816256,0.2639676,0.1267951,0.673922,0.154252,0.8613942,0.8777688,0.09139087,0.2387299,0.854054,0.9327404,0.7610767,0.8565829,0.14134847,0.4229724,0.7420614,0.1278645,0.6697118,0.3583286,0.1674918,0.67956,0.9434266,0.11042231,0.3937794,0.07563244,0.12589411,0.3210058,0.8540313,0.4780199
GSM4299481,0.1917141,0.08413628,0.12409029,0.8867183,0.2372613,0.6208139,0.4384966,0.14856672,0.1294205,0.8716077,0.7671036,0.1391931,0.12152919,0.7580795,0.09231624,0.2114469,0.8322236,0.2144068,0.2943235,0.3092443,0.8429025,0.7527915,0.8655237,0.2381272,0.7560935,0.12524097,0.8356155,0.1245533,0.8067356,0.5831512,0.8756032,0.7220758,0.9226347,0.7766076,0.7566627,0.254416,0.2614308,0.1286088,0.6685751,0.1356012,0.8836178,0.8741016,0.1025623,0.2165227,0.8699216,0.935893,0.777629,0.8595898,0.13091019,0.3982503,0.7326344,0.1401263,0.6649654,0.4021254,0.1874486,0.6554776,0.9546409,0.11940787,0.3833273,0.07297904,0.12803176,0.3369752,0.8611709,0.4269058
GSM4299484,0.187468,0.07606079,0.11330081,0.8879044,0.3046973,0.637876,0.3968772,0.14548495,0.1522353,0.8784306,0.7345022,0.1423494,0.09968343,0.7118972,0.09361478,0.2159793,0.5943353,0.2017425,0.2345794,0.2505144,0.8530993,0.773603,0.8741492,0.2788049,0.6988643,0.13778619,0.8109038,0.12719242,0.7911672,0.5953281,0.8623291,0.7631333,0.9076068,0.7630372,0.7890959,0.2049825,0.1795043,0.1173027,0.6388151,0.1622512,0.8653389,0.8928528,0.12722373,0.2484921,0.8380546,0.9258138,0.6902763,0.8497039,0.14867606,0.4704169,0.7675116,0.1485587,0.6454373,0.3820983,0.1104758,0.5663626,0.9312178,0.1307806,0.3629729,0.07593271,0.12744973,0.2996749,0.8570116,0.4409157
GSM4299488,0.207986,0.05489488,0.14906764,0.9018542,0.2637238,0.6103255,0.4860923,0.11342522,0.1274839,0.8775541,0.7714719,0.1441612,0.12474839,0.7441911,0.1054926,0.3028338,0.8277468,0.2180539,0.2865104,0.2512167,0.8624558,0.7584922,0.8835393,0.279931,0.7546189,0.11985515,0.7970344,0.1214901,0.8133315,0.5482769,0.8726395,0.7137915,0.9334063,0.7949981,0.7907472,0.252492,0.261846,0.1231962,0.629466,0.182256,0.8703871,0.8953666,0.09444384,0.2293478,0.853347,0.9436239,0.7785107,0.8641697,0.119092,0.4083617,0.7499488,0.125166,0.6814755,0.3622436,0.1072591,0.6548579,0.9265145,0.11396025,0.3616648,0.06680903,0.1156314,0.3206255,0.8605472,0.4080327
GSM4299489,0.156557,0.05025105,0.13901196,0.90844,0.2766675,0.5651574,0.4180717,0.13583741,0.1456509,0.8772034,0.7278163,0.1510535,0.11988753,0.7361139,0.08924059,0.2473682,0.8464803,0.1971681,0.3069614,0.306293,0.8459833,0.7842213,0.8655205,0.2881778,0.7314144,0.12091983,0.8135996,0.13458827,0.7801851,0.5904046,0.8617639,0.7110109,0.90137,0.8073903,0.7719068,0.2110722,0.2076654,0.1315091,0.6898935,0.1698918,0.8847538,0.9037255,0.09756889,0.2604569,0.8707226,0.9218038,0.7371768,0.8722086,0.13699666,0.4519053,0.7001287,0.1258149,0.7073812,0.3478275,0.1236856,0.5893154,0.9321615,0.12328621,0.3690156,0.0626699,0.13294454,0.2742932,0.8701938,0.3470285
GSM4299494,0.2136088,0.08134301,0.14430285,0.9003253,0.2739689,0.5753758,0.457725,0.12886114,0.1440961,0.8895338,0.7285042,0.1471245,0.10718643,0.7025452,0.10575951,0.2376523,0.8425743,0.1873371,0.2676334,0.2750772,0.8229777,0.7493053,0.8472121,0.265928,0.7759044,0.12073717,0.809177,0.12669385,0.8152826,0.5994817,0.8756309,0.7113418,0.9195077,0.8011346,0.7985375,0.2291144,0.2742967,0.1394589,0.6610466,0.1663585,0.8822079,0.8821844,0.08558329,0.2271922,0.8783905,0.9274195,0.7785944,0.8578121,0.1388398,0.4170381,0.726099,0.1376333,0.6729855,0.3912412,0.1444578,0.6350733,0.9343911,0.09969779,0.3993767,0.07537487,0.1434897,0.2676787,0.8433695,0.4257666
GSM4299496,0.1959503,0.05521961,0.08935607,0.8869149,0.308464,0.6197866,0.4370511,0.11999373,0.1431192,0.8889182,0.7522684,0.143238,0.12022283,0.7479518,0.09934558,0.2118532,0.8185354,0.188062,0.2758105,0.3234521,0.8334586,0.7410562,0.8533794,0.2607495,0.7862886,0.12352768,0.8126524,0.12587493,0.823278,0.5635275,0.8702637,0.7575876,0.9249304,0.7976482,0.7675862,0.240723,0.2745909,0.1534977,0.6237593,0.1728162,0.8778199,0.8741166,0.06608719,0.2552409,0.8719803,0.9329236,0.8048711,0.8687823,0.12090803,0.4435173,0.7499865,0.1324939,0.6513604,0.4036023,0.1417162,0.590813,0.9373391,0.1256402,0.3653978,0.08702955,0.1344629,0.2798751,0.8573975,0.490747
GSM4299497,0.1766249,0.05516525,0.14042874,0.9081965,0.2541857,0.6051918,0.5776799,0.12315065,0.1422012,0.8096551,0.7305395,0.1315789,0.12309182,0.729527,0.09294592,0.2959026,0.8253892,0.1756719,0.2925517,0.1770817,0.8617537,0.7582706,0.8419412,0.2891338,0.7732911,0.11667746,0.8088098,0.13196422,0.8221992,0.5596355,0.8776065,0.7680004,0.9355971,0.8081504,0.7718331,0.3107654,0.3148162,0.1263679,0.6345964,0.1492995,0.8725773,0.8815625,0.09643206,0.2845646,0.8615133,0.9328205,0.8030698,0.8703493,0.13626162,0.4308379,0.7208581,0.1312383,0.629766,0.4197466,0.1332878,0.7280148,0.936222,0.11085233,0.3288425,0.06710799,0.13908186,0.2382572,0.8363684,0.4156839
GSM4299500,0.1870395,0.06286323,0.09978581,0.8899312,0.2362617,0.5972969,0.4646999,0.12830771,0.1175312,0.887194,0.7217626,0.1412407,0.10546472,0.8040629,0.10570304,0.2044439,0.8418982,0.1902046,0.5362804,0.5071748,0.8409421,0.7310444,0.8451072,0.3549313,0.7515331,0.12213327,0.8026691,0.12538546,0.7955717,0.5752407,0.8694882,0.7531977,0.9273471,0.8082173,0.7802422,0.217394,0.2628152,0.1458973,0.670477,0.1638544,0.8926956,0.8719963,0.08615186,0.2314285,0.8565404,0.9300756,0.7787691,0.847566,0.14871453,0.4126375,0.7232362,0.1441812,0.6168304,0.4142623,0.1745086,0.5505359,0.9477281,0.11337083,0.3287722,0.10301236,0.11365954,0.2621216,0.8467212,0.4368256
GSM4299501,0.212038,0.05401921,0.12339245,0.9123288,0.2759422,0.5880163,0.4210143,0.13195986,0.1355098,0.883162,0.7693919,0.1377006,0.13823958,0.7264016,0.10804053,0.2695536,0.8497509,0.2148356,0.328369,0.3122017,0.8522393,0.7517943,0.8620651,0.2394611,0.711995,0.12585767,0.7993787,0.11807385,0.8088898,0.5925185,0.8707454,0.7206255,0.9127652,0.7743429,0.7721405,0.2031887,0.2800162,0.1090517,0.6558397,0.1498503,0.8568899,0.8958061,0.08663717,0.260704,0.8562494,0.926115,0.759655,0.8590413,0.13753608,0.4895442,0.7875004,0.1355632,0.7011659,0.3409926,0.1118127,0.5985685,0.9380579,0.14344899,0.3506493,0.0812516,0.1305868,0.3097413,0.8593199,0.3982853
GSM4299553,0.2157692,0.08419126,0.12362827,0.8733696,0.2488798,0.647457,0.455804,0.12846066,0.1489166,0.8530965,0.6884383,0.1259583,0.12716681,0.792157,0.08157297,0.2800428,0.7903649,0.2001902,0.3869903,0.3086347,0.8712753,0.7508484,0.8426826,0.2656598,0.7382447,0.1189649,0.8032423,0.13957343,0.811801,0.5907754,0.8735848,0.786989,0.9272205,0.7443427,0.79282,0.2389489,0.2647926,0.1620807,0.6256455,0.1462228,0.8647824,0.8894778,0.08491296,0.2468999,0.8515317,0.9499885,0.7827712,0.8247318,0.14124234,0.4400217,0.7386867,0.1476132,0.5914589,0.3997195,0.1651044,0.5596286,0.9286484,0.10116181,0.3316713,0.10023199,0.12951037,0.3242949,0.8397001,0.5088025
GSM4299554,0.2304127,0.0734921,0.12012515,0.8913191,0.2609858,0.6406009,0.4832073,0.10326826,0.1429119,0.9040329,0.720746,0.1635845,0.12419994,0.7158827,0.09997941,0.2218425,0.833869,0.2232693,0.2973214,0.3233547,0.8361378,0.7137368,0.8223007,0.3102718,0.7925833,0.10313154,0.7954416,0.14317275,0.8035713,0.5658193,0.8810741,0.7454459,0.9127628,0.7806245,0.7828455,0.2056532,0.2542144,0.1431786,0.7054204,0.1832705,0.8663898,0.8882335,0.08396159,0.2133848,0.8649909,0.9286417,0.8006647,0.8656132,0.11464486,0.4506417,0.7372343,0.1576919,0.5983044,0.3415814,0.1578471,0.6278538,0.9540408,0.11838388,0.3356369,0.08314873,0.09241674,0.3460108,0.8563774,0.4212672
GSM4299558,0.1736572,0.08512849,0.11767851,0.8965554,0.3187768,0.622135,0.4539048,0.10870798,0.1496175,0.8778177,0.7356235,0.1385501,0.11708357,0.7160857,0.11378583,0.2201907,0.8572141,0.2015684,0.2225018,0.1590033,0.8425078,0.7934068,0.8571746,0.2048733,0.7725398,0.11423307,0.7827555,0.1447187,0.804533,0.5872834,0.8722058,0.7218452,0.9235557,0.7958835,0.7892388,0.2457392,0.2667411,0.115134,0.6642262,0.151717,0.875906,0.9021519,0.07693797,0.2181194,0.8638528,0.927376,0.7794305,0.8724826,0.12379504,0.4144907,0.7434772,0.1370965,0.6816786,0.3898854,0.1158708,0.6537895,0.9348894,0.12054363,0.3582211,0.09513619,0.12599686,0.2491855,0.859539,0.3813879
GSM4299560,0.1733485,0.07184651,0.08477582,0.8927083,0.2660089,0.6318421,0.4505035,0.12393746,0.1575784,0.8466415,0.7286848,0.1389239,0.10946688,0.7115481,0.11624195,0.2186836,0.7867309,0.2345581,0.33902,0.3185681,0.8172233,0.7307189,0.8664585,0.2636749,0.7442976,0.11701004,0.7852205,0.143942,0.7992318,0.588245,0.8504999,0.7369257,0.9085303,0.7474337,0.798912,0.2585386,0.3242922,0.1403081,0.6628487,0.1549546,0.8660396,0.881827,0.08341364,0.2608926,0.8404153,0.9391275,0.789462,0.8336868,0.15200892,0.4238703,0.7832356,0.140999,0.6097402,0.3964636,0.1637753,0.5441701,0.956464,0.11333044,0.3259996,0.09480794,0.13583279,0.3010746,0.8624047,0.4218567
GSM4299562,0.2055884,0.08141096,0.0855165,0.8775651,0.2918637,0.6318355,0.4062045,0.10523207,0.1414129,0.8856588,0.7376064,0.1441167,0.12806918,0.722893,0.08885244,0.1920308,0.8217816,0.2232044,0.4036639,0.4171481,0.8364787,0.755852,0.8594013,0.2810564,0.7387871,0.11706103,0.7952383,0.14279575,0.8150213,0.5884277,0.8872168,0.7178342,0.9102618,0.8141124,0.7839115,0.2187047,0.232576,0.1286176,0.6806702,0.1721202,0.8764021,0.8874615,0.09410698,0.2006259,0.8507098,0.9304321,0.7748084,0.8301415,0.12592105,0.4081171,0.75078,0.1569564,0.6475614,0.3979773,0.1498544,0.6260547,0.9458579,0.12072359,0.3627939,0.08685387,0.12561777,0.253587,0.849346,0.4238262
GSM4299563,0.1728096,0.06068865,0.12429872,0.909176,0.2342598,0.6493155,0.4915297,0.1112877,0.1459635,0.8842331,0.7692876,0.1362577,0.11331659,0.7317641,0.10066459,0.2210568,0.844206,0.2014462,0.2826301,0.2640187,0.8488031,0.7718512,0.856039,0.3458256,0.7778118,0.1148333,0.8229076,0.1219252,0.8047162,0.5506466,0.8617243,0.794767,0.9079323,0.7859559,0.7592512,0.2595836,0.2926504,0.1550319,0.6476489,0.1768507,0.8873384,0.8790393,0.09074628,0.2159413,0.8739222,0.9374339,0.7283287,0.8558299,0.14278083,0.4029983,0.7703778,0.1327684,0.653598,0.4082684,0.1553893,0.5761849,0.9500591,0.11097447,0.3368956,0.08818769,0.11581722,0.2569801,0.844157,0.4375262
GSM4299564,0.1951907,0.06730399,0.10588709,0.8700593,0.2546086,0.6307776,0.4939198,0.1246966,0.1425739,0.8605954,0.711164,0.1500495,0.1203299,0.7738338,0.08190044,0.2452561,0.7904552,0.2435433,0.5061304,0.428003,0.7944009,0.7160383,0.8374731,0.2672449,0.6859295,0.10547156,0.7881803,0.1220967,0.7841731,0.6060381,0.8859249,0.7175967,0.9232017,0.763796,0.8031411,0.2694972,0.3138485,0.1676864,0.6294964,0.1915106,0.8735851,0.8831087,0.07408964,0.2318026,0.8643943,0.9399368,0.7451027,0.8359086,0.12347499,0.4295626,0.7156817,0.1511611,0.5555987,0.4015623,0.1679917,0.5715874,0.943675,0.13405351,0.2792114,0.08516076,0.12856307,0.3517682,0.87352,0.4550999
GSM4299566,0.1637219,0.05969994,0.10750963,0.892684,0.2720496,0.6328779,0.3428249,0.10582433,0.1512296,0.8819579,0.7228846,0.1484717,0.11881825,0.7293536,0.09507833,0.2303164,0.8456603,0.1863686,0.3465204,0.3397676,0.8346739,0.7632702,0.8710779,0.2413635,0.7557677,0.12658987,0.8195118,0.14449299,0.7920438,0.6016104,0.8740259,0.7856782,0.9107878,0.7931235,0.7737765,0.1735297,0.2477319,0.1260727,0.6681036,0.2048297,0.8890174,0.871848,0.09179553,0.2428606,0.8920411,0.9378835,0.7758757,0.8514748,0.12018461,0.4204781,0.7583941,0.1508727,0.6811009,0.3020102,0.1326715,0.587217,0.942159,0.12570174,0.3260131,0.08699271,0.15578167,0.4068132,0.8650996,0.4612243
GSM4299567,0.1996993,0.07105788,0.109537,0.8828081,0.2365617,0.6527035,0.4379041,0.09175689,0.1373585,0.8845333,0.7514295,0.1516658,0.11222518,0.7410574,0.07805638,0.2556965,0.8469415,0.2001172,0.2034911,0.1601553,0.8311556,0.7265457,0.827171,0.2460311,0.7776506,0.09999035,0.8072356,0.11695747,0.829294,0.5594633,0.8702699,0.7044848,0.918129,0.8102597,0.7547597,0.2473426,0.2419082,0.1602968,0.7044633,0.1781287,0.894663,0.8825591,0.09456719,0.2219054,0.8593817,0.9418985,0.7666293,0.8707359,0.11754886,0.3774683,0.7243683,0.1472744,0.694093,0.3742797,0.1592881,0.563933,0.9492841,0.10772081,0.3360069,0.09098583,0.11578027,0.3120032,0.85448,0.4254037
GSM4299568,0.1912177,0.08860218,0.12046385,0.8981365,0.284077,0.6276794,0.4196114,0.12207078,0.1324692,0.8948167,0.748413,0.1492118,0.1093188,0.7055928,0.08511356,0.2178184,0.8476663,0.1933146,0.2688711,0.2268318,0.8566374,0.7226989,0.8430431,0.236609,0.7429496,0.10454058,0.7895807,0.12372753,0.8289086,0.5410619,0.8786719,0.7514063,0.9371914,0.8088856,0.7503526,0.2239198,0.2201356,0.1543136,0.6586007,0.1464659,0.8745953,0.8858846,0.09424827,0.2172998,0.8771742,0.9347694,0.7618675,0.8623865,0.11653791,0.403764,0.7167211,0.1467464,0.6368118,0.378156,0.1457862,0.6355178,0.9462708,0.11860771,0.3733549,0.09514438,0.12140496,0.2941784,0.8626195,0.3549533
GSM4299570,0.2034428,0.08067173,0.13123186,0.9018965,0.2740974,0.600119,0.399336,0.08490866,0.136976,0.9079391,0.7145242,0.1483349,0.11366784,0.7272675,0.08091871,0.2222935,0.8424812,0.1961067,0.2764043,0.2317884,0.8267662,0.7527052,0.8707625,0.3228232,0.7730336,0.11015092,0.8176833,0.12350183,0.8237429,0.5702259,0.8699696,0.7195475,0.9224303,0.7875108,0.7690927,0.2571321,0.2600647,0.1268473,0.6580503,0.1570504,0.8806826,0.8870566,0.09731776,0.2259489,0.8727898,0.9424107,0.7694411,0.8119119,0.1255536,0.4084359,0.7693558,0.1402669,0.6165029,0.4049264,0.1354505,0.5827083,0.9470409,0.11667386,0.3158615,0.0919243,0.1233216,0.2961319,0.8442202,0.4788944
GSM4299580,0.2327032,0.07185546,0.13425644,0.9018206,0.250403,0.6176943,0.4247433,0.12289679,0.1596506,0.8735218,0.7427735,0.1557978,0.11238031,0.7854749,0.08165031,0.1750712,0.8623954,0.1785678,0.2489943,0.2601339,0.8184081,0.780077,0.8446106,0.2685203,0.7615947,0.09610044,0.8076889,0.09969669,0.8149043,0.5878176,0.8831447,0.7466388,0.9113856,0.7733255,0.764808,0.2208757,0.2590354,0.1459115,0.7249491,0.1493887,0.8649845,0.8873027,0.0930281,0.229577,0.862841,0.9282296,0.7629465,0.8379561,0.11991776,0.4362286,0.744918,0.1480348,0.6370577,0.4159137,0.1264971,0.6038335,0.9424974,0.11706599,0.3352939,0.07764241,0.12796552,0.2714246,0.8570546,0.4355807
GSM4299583,0.1764257,0.07796889,0.07373581,0.8950563,0.2867062,0.6268199,0.4695793,0.10285792,0.1182827,0.8928977,0.7386031,0.1429637,0.12416955,0.7005873,0.10008419,0.2173296,0.8755359,0.2394588,0.2316673,0.1837953,0.8485492,0.768358,0.8555813,0.2200791,0.786131,0.1220968,0.8108991,0.14750924,0.8013224,0.5534983,0.8754913,0.7391699,0.9122286,0.8052116,0.8044823,0.2044794,0.2693399,0.1568048,0.6746094,0.1922177,0.87762,0.8858169,0.1096662,0.2560375,0.8593606,0.934542,0.7591923,0.8430552,0.13331621,0.4397077,0.8041199,0.1498459,0.6789641,0.3720212,0.1644051,0.4868882,0.9511568,0.11199153,0.3623316,0.10292718,0.13123422,0.2700664,0.8570625,0.4167436
GSM4299584,0.1843458,0.08028855,0.13867334,0.9053917,0.2701047,0.6121075,0.4649723,0.11712577,0.1490515,0.8846798,0.7377757,0.140796,0.11313514,0.7352193,0.09485957,0.2136167,0.8520085,0.2216699,0.2053534,0.1344334,0.8556665,0.7774765,0.8602312,0.3121251,0.7944632,0.12121438,0.8305044,0.12914857,0.8133667,0.5734317,0.8547332,0.7126999,0.904987,0.7919255,0.7817497,0.1974825,0.1808098,0.1267079,0.7095751,0.4052449,0.8681952,0.8952903,0.09444851,0.2093181,0.8637949,0.9380292,0.7541742,0.8609727,0.14397421,0.4195354,0.6919317,0.1507839,0.6897301,0.3352713,0.1326204,0.6105094,0.9374683,0.11761033,0.3729244,0.07890846,0.14488231,0.2767131,0.8703479,0.3975391
GSM4299592,0.168052,0.06077229,0.12167334,0.9031836,0.2492507,0.6099915,0.5594707,0.10280776,0.1320369,0.8703354,0.7496973,0.1531677,0.10996879,0.75406,0.10812254,0.2749731,0.8417855,0.2077233,0.3229798,0.2686329,0.8283411,0.769404,0.7992124,0.226457,0.7631134,0.10842935,0.802399,0.11586948,0.8119048,0.4421337,0.8839192,0.7361711,0.9112121,0.8256757,0.7732218,0.379815,0.4022219,0.1576062,0.6850086,0.1490749,0.8916963,0.879165,0.08665418,0.2111683,0.8612631,0.9323837,0.7806926,0.8639013,0.13471878,0.3695532,0.7368557,0.1425434,0.6612977,0.4352009,0.1501502,0.6613915,0.9196905,0.11046526,0.3322357,0.06742209,0.12733872,0.290133,0.8585463,0.4247587
GSM4299593,0.1839613,0.04569481,0.09872012,0.916363,0.2920697,0.6061393,0.5640291,0.12224408,0.1278656,0.8916244,0.7348247,0.1486543,0.12218077,0.7705657,0.07518415,0.2321599,0.8339699,0.2386925,0.1646135,0.1317631,0.8263723,0.7636961,0.8483085,0.2719234,0.7756128,0.128045,0.8146843,0.12801085,0.8327362,0.5216186,0.880961,0.7412957,0.9237565,0.8184884,0.7608199,0.3124595,0.3368582,0.1340108,0.6897877,0.2197058,0.8752114,0.9029958,0.09011671,0.2092659,0.8737131,0.9412199,0.8288335,0.8647915,0.13061469,0.4276871,0.7925155,0.1400207,0.6807236,0.4030766,0.150409,0.6202518,0.9400279,0.10646308,0.3536392,0.06536665,0.1281745,0.3252151,0.8641042,0.4385518
GSM4299594,0.177216,0.05975145,0.10741633,0.8769448,0.2703966,0.5965339,0.3887391,0.10767511,0.1473638,0.859273,0.7612777,0.152045,0.13542799,0.6922944,0.1089068,0.1964517,0.8373204,0.240973,0.2850844,0.2166628,0.8261985,0.753095,0.8780145,0.3251977,0.7520642,0.12236081,0.7857998,0.12236845,0.7775066,0.5653687,0.8752736,0.68027,0.9231508,0.8091002,0.7977303,0.2200348,0.2160127,0.1143961,0.6493073,0.1728807,0.8782409,0.8690767,0.10140243,0.2123742,0.849025,0.9337399,0.7528865,0.8431059,0.15346055,0.4576936,0.7102252,0.1400185,0.6255692,0.3671655,0.1431981,0.6319291,0.9349136,0.12508105,0.2632261,0.08136696,0.14225535,0.2562375,0.8591732,0.4009819
GSM4299595,0.2046448,0.06512713,0.1131812,0.9095624,0.3141551,0.6189576,0.4616512,0.10707631,0.1198124,0.8666139,0.7145048,0.1341492,0.12469711,0.7611358,0.08875926,0.2577398,0.8552638,0.2069694,0.2507737,0.2476124,0.8030613,0.7427031,0.8554197,0.3044607,0.7547602,0.11573493,0.7947562,0.1177853,0.8326668,0.5319596,0.8832375,0.7447134,0.9299675,0.8407342,0.776957,0.2393481,0.313878,0.1220667,0.6987055,0.1533463,0.8905236,0.8824048,0.09988817,0.2209723,0.8688136,0.9391546,0.7757449,0.8539292,0.14268052,0.3920954,0.7429117,0.1447318,0.6441835,0.3881319,0.1608453,0.6117465,0.9493099,0.10899171,0.340663,0.09400845,0.13165231,0.3234208,0.8605223,0.392052
GSM4299596,0.2099141,0.0587699,0.11580972,0.9030651,0.2968525,0.6214098,0.5679991,0.12312428,0.136941,0.8535369,0.7120927,0.1416462,0.09893274,0.7840682,0.08625271,0.2416596,0.8448177,0.2043101,0.3380786,0.2989505,0.8541252,0.7701501,0.8544391,0.278604,0.7414214,0.12436266,0.7978207,0.13004849,0.827999,0.5224514,0.8940049,0.774199,0.922209,0.7860089,0.7731437,0.24968,0.3355985,0.137418,0.6951808,0.1595899,0.8806773,0.8690594,0.09162753,0.2290876,0.8751454,0.9324985,0.7998131,0.8600199,0.12338694,0.4205743,0.7317333,0.1514622,0.6453115,0.3854101,0.1520192,0.6399215,0.9432121,0.10849077,0.3649658,0.07469898,0.12156562,0.2873404,0.8500966,0.467897
GSM4299615,0.1746376,0.05434184,0.1152505,0.895888,0.2961289,0.6388258,0.5226083,0.13656349,0.1480253,0.8853501,0.7540245,0.1559704,0.12152543,0.7852522,0.08987087,0.3485704,0.8290257,0.22887,0.2742673,0.2228771,0.843712,0.7639825,0.8458544,0.258198,0.769612,0.13507422,0.7718181,0.13414433,0.8327958,0.5346878,0.875794,0.7124775,0.9218167,0.7907658,0.7955327,0.2161805,0.3019095,0.168764,0.6413352,0.1679859,0.865731,0.8826364,0.10822789,0.2482931,0.8616592,0.9345629,0.7896142,0.8708321,0.12862901,0.4654057,0.6732357,0.1358195,0.6719844,0.3756062,0.1595248,0.6014177,0.9304354,0.11588905,0.2805556,0.08198555,0.11843835,0.2402551,0.8721891,0.3921091
GSM4299617,0.2161848,0.05568163,0.1099354,0.8989453,0.3085623,0.6382684,0.4110221,0.0936825,0.1492797,0.8771555,0.7507598,0.1676484,0.12220419,0.773577,0.11440123,0.2243289,0.854111,0.2101123,0.300258,0.2213316,0.8327221,0.8025381,0.8264926,0.2599095,0.7817997,0.11668923,0.8106664,0.10310175,0.8124175,0.5803933,0.8747781,0.7791233,0.9232698,0.7924055,0.7735454,0.299113,0.2496239,0.1575839,0.6814267,0.1560416,0.8928795,0.8747785,0.07545224,0.2462731,0.8411371,0.93905,0.7651648,0.8447443,0.12902386,0.3728757,0.7541104,0.1441968,0.6882426,0.3830069,0.1798223,0.5934424,0.9305361,0.12064072,0.3703131,0.07633799,0.12785032,0.2984584,0.8596996,0.3988402
GSM4299618,0.1900843,0.05344585,0.12381867,0.9096197,0.2632814,0.6585783,0.4951223,0.11426985,0.1375061,0.8666562,0.7529749,0.1274411,0.12154358,0.7185369,0.09194795,0.2674361,0.8205931,0.2151678,0.2569404,0.1509828,0.8410304,0.7494871,0.8657682,0.2471936,0.7131906,0.11053895,0.7934591,0.13085801,0.7927581,0.5661284,0.8621217,0.731318,0.9226783,0.7722443,0.7900439,0.2424717,0.2652149,0.1574573,0.5965658,0.186195,0.8625931,0.9055866,0.08483511,0.2195873,0.8554733,0.9195052,0.7510717,0.8555243,0.16191416,0.3807048,0.702299,0.1402682,0.6700509,0.3976103,0.1203845,0.6220741,0.930175,0.11966414,0.3766695,0.07793709,0.12632518,0.2942319,0.8564433,0.420443
GSM4299621,0.1999506,0.05528889,0.10061265,0.8939761,0.2939074,0.616594,0.4094723,0.10357597,0.1384701,0.8776848,0.735882,0.1363264,0.11901569,0.7388726,0.07854151,0.3096483,0.827154,0.1855387,0.3471517,0.2775823,0.8363786,0.7376879,0.8605672,0.2988952,0.7708804,0.10844555,0.8059217,0.11662898,0.8166858,0.5297119,0.8694641,0.7750844,0.9076781,0.8087176,0.7879259,0.30522,0.3527563,0.142175,0.6813724,0.1647023,0.8860985,0.888647,0.10287347,0.2113222,0.8534067,0.9335806,0.7722415,0.8347588,0.14096128,0.4137749,0.7995931,0.1356516,0.6302768,0.3702067,0.1649944,0.6223479,0.9280549,0.10970209,0.3450951,0.08393612,0.12580985,0.2818641,0.8579927,0.4617296
GSM4299623,0.1618384,0.05488728,0.13526348,0.9116847,0.3330265,0.6174101,0.5429189,0.13906403,0.1555164,0.8957421,0.7391728,0.1354687,0.11413055,0.7272291,0.09600771,0.3326932,0.6289759,0.2234475,0.2149123,0.1995757,0.8135475,0.8024843,0.8407271,0.2353106,0.7553947,0.1273072,0.7877451,0.13932572,0.8012196,0.5868309,0.8710502,0.7022752,0.9200803,0.8086876,0.7768357,0.2412185,0.2886885,0.1224887,0.6415168,0.1646444,0.8789392,0.8784507,0.10130694,0.2181717,0.8527402,0.925646,0.7784006,0.8446294,0.14145287,0.3886723,0.7062871,0.1318585,0.621744,0.3936957,0.1301336,0.6657671,0.931468,0.11001094,0.3823172,0.06831131,0.14072473,0.2502923,0.8557404,0.4388509
GSM4299624,0.1788675,0.07530888,0.11280743,0.9147183,0.2793385,0.6422761,0.5495378,0.11730592,0.14115,0.8704816,0.7031231,0.1482473,0.122912,0.7431991,0.0936296,0.3063215,0.8274347,0.2239589,0.2488783,0.2252251,0.855278,0.8187449,0.8190382,0.2565938,0.7523732,0.12727527,0.7940724,0.12978611,0.815308,0.5619353,0.8652245,0.7640043,0.9111604,0.784463,0.7740815,0.2615995,0.2997589,0.1465684,0.6672056,0.1832228,0.8720681,0.8874428,0.11030804,0.2217366,0.8656717,0.9279697,0.781105,0.8711803,0.13409562,0.3960831,0.7483161,0.148243,0.636007,0.3876385,0.1388296,0.6415724,0.9321707,0.11602844,0.3610483,0.07247758,0.12571232,0.426855,0.861027,0.4799952
GSM4299625,0.1631284,0.06839436,0.13850268,0.9018442,0.2970537,0.6508519,0.4867157,0.08774105,0.1495814,0.8930977,0.7509262,0.1373284,0.10947285,0.697924,0.10812636,0.2015953,0.8710404,0.2002829,0.2157604,0.2152453,0.8829842,0.770012,0.8604748,0.2742419,0.8112786,0.12134002,0.7857369,0.13971021,0.8348618,0.5712669,0.8716947,0.602796,0.9172506,0.8231393,0.7641642,0.2440325,0.2573994,0.1377984,0.6922639,0.1611898,0.8755122,0.8794192,0.07225001,0.2122745,0.8693928,0.9322198,0.7606496,0.8840552,0.13064794,0.3954519,0.7551681,0.139395,0.6738355,0.3823347,0.1529773,0.5277217,0.9449515,0.11660661,0.3385611,0.08303259,0.13517787,0.2441808,0.8628742,0.3871121
GSM4299626,0.1887964,0.05359583,0.09668175,0.8904262,0.2950448,0.6499419,0.4653146,0.12893792,0.1611325,0.8776147,0.7911521,0.1256139,0.13267733,0.7565283,0.10651896,0.2351398,0.8471495,0.2217285,0.2429596,0.2031382,0.8612635,0.7935641,0.8383342,0.2174167,0.7545858,0.11464621,0.7707941,0.13523938,0.8147168,0.5789607,0.8632407,0.7299889,0.9352099,0.774721,0.7691617,0.2257894,0.1955847,0.1243193,0.6975273,0.1794478,0.8659085,0.8711202,0.1378348,0.2187889,0.8623584,0.9345603,0.7543378,0.8478958,0.12685144,0.4200039,0.7637122,0.1523957,0.6495924,0.3596162,0.153262,0.6623773,0.9268393,0.1127991,0.3748844,0.08450239,0.12927469,0.2877701,0.8528416,0.4206328
GSM4299631,0.1929392,0.06298086,0.15445961,0.8978055,0.2839946,0.6406791,0.3311285,0.13519847,0.1318707,0.8741146,0.7442849,0.1441593,0.12461085,0.7254945,0.1111091,0.2377285,0.8353436,0.2126906,0.2635326,0.2041634,0.8496629,0.7788402,0.8617139,0.2223778,0.7760672,0.12801432,0.8108138,0.13785251,0.8275119,0.6057183,0.8762571,0.618,0.9172658,0.7883655,0.7843135,0.1952482,0.2058452,0.1394134,0.6487745,0.1868169,0.8766225,0.8714673,0.1975549,0.2281061,0.8464168,0.9348806,0.7689962,0.8695715,0.13859188,0.4785863,0.7857485,0.1453393,0.7453388,0.3525664,0.1411325,0.5297311,0.9347442,0.11677567,0.3935692,0.07817001,0.11984799,0.2574949,0.8531276,0.3890731
GSM4299633,0.1884491,0.06482871,0.07265465,0.9146484,0.2852106,0.6240453,0.4282657,0.11006223,0.1321719,0.863979,0.7406341,0.1364543,0.10326026,0.7422111,0.09488778,0.2455851,0.8523342,0.2061532,0.4187949,0.4066089,0.8338639,0.7633062,0.8466941,0.3321584,0.7910157,0.13438593,0.7990122,0.12681488,0.8347038,0.5494724,0.8712464,0.7578535,0.907377,0.8130472,0.7587514,0.2148122,0.2407413,0.1191975,0.6705853,0.1442261,0.8630751,0.8815642,0.0837303,0.2209404,0.859939,0.9319115,0.7955493,0.8614842,0.1290741,0.4132301,0.7299093,0.1356852,0.6046751,0.3566616,0.1471638,0.6114492,0.9531394,0.11559611,0.3589153,0.10219422,0.11743367,0.270919,0.8739978,0.420176
GSM4299634,0.2308756,0.07408118,0.127713,0.9047267,0.2666125,0.572191,0.385875,0.12161767,0.1408228,0.8932682,0.7281221,0.1496988,0.12261912,0.7221339,0.08959286,0.2082001,0.8624051,0.2033578,0.2696177,0.2766681,0.8420507,0.7592748,0.8648606,0.3212992,0.8187767,0.11062704,0.7908263,0.12732613,0.8024748,0.5920182,0.8762193,0.647193,0.9253119,0.797513,0.7844115,0.2409385,0.2696488,0.1255773,0.6758527,0.1344778,0.8884058,0.8881088,0.08952228,0.2077096,0.843761,0.9343031,0.7747423,0.8525599,0.12380581,0.4099705,0.7612992,0.1422529,0.6913594,0.3542754,0.133574,0.5684773,0.9325509,0.11549593,0.3670255,0.07809158,0.11978549,0.2032412,0.866949,0.3710601
GSM4299642,0.1861943,0.06540442,0.14871873,0.8908509,0.305219,0.6229861,0.3493177,0.11818245,0.130625,0.8652823,0.7761372,0.1446249,0.12685566,0.7166426,0.08889569,0.2337785,0.8423488,0.2059456,0.4463561,0.4346805,0.844632,0.7786387,0.880601,0.2799085,0.7646766,0.11689576,0.7959904,0.1398725,0.81648,0.6329624,0.8538442,0.7305108,0.9215129,0.7851573,0.7772178,0.1605903,0.1850809,0.1626953,0.6728335,0.1769289,0.8819728,0.8805485,0.09664297,0.2222599,0.8623174,0.9288053,0.7489129,0.8766512,0.13909241,0.3724622,0.7344317,0.140051,0.6708378,0.3371413,0.1334455,0.5909455,0.9403649,0.11224781,0.3716761,0.07826068,0.13064817,0.2361073,0.8799571,0.4063435
GSM4299643,0.1947301,0.07092747,0.11942744,0.9117266,0.2878079,0.6260264,0.4073553,0.11264444,0.1519224,0.892721,0.7881281,0.141161,0.12973257,0.6883115,0.10102223,0.256478,0.8657606,0.2113458,0.306836,0.3127639,0.8328054,0.7712864,0.8846581,0.2359196,0.7975719,0.11344619,0.8151059,0.12104381,0.8260109,0.5830443,0.8467413,0.6993166,0.9177478,0.8175287,0.7748574,0.2169749,0.2204443,0.1313503,0.6464596,0.1510736,0.8798265,0.8888474,0.0888962,0.2001039,0.8687345,0.9259849,0.7306354,0.8592821,0.14414199,0.4246143,0.698696,0.1513004,0.6679983,0.3515213,0.1474457,0.5451051,0.9311995,0.10613724,0.3447206,0.08032394,0.11840253,0.2934423,0.8696176,0.3807054
GSM4299646,0.2542171,0.08278492,0.14665588,0.8811069,0.2654341,0.6369706,0.4013827,0.10823682,0.1356591,0.875408,0.742929,0.1468521,0.122162,0.7354306,0.09381307,0.1799653,0.8700031,0.2419725,0.3507208,0.3060006,0.8280717,0.7718243,0.8874174,0.233988,0.7777147,0.12179001,0.7923846,0.13649792,0.810762,0.5607443,0.8613817,0.7518236,0.9295593,0.7874773,0.7782309,0.2585845,0.2923137,0.1362397,0.6650228,0.172327,0.8818011,0.8686927,0.08416822,0.2170055,0.8628605,0.9356365,0.8116796,0.822318,0.14169119,0.414125,0.7628397,0.141441,0.6058926,0.3643672,0.1635845,0.5852505,0.9491648,0.10823734,0.3208404,0.0815094,0.11227305,0.2903748,0.8613705,0.4133302
GSM4299647,0.1807067,0.07726424,0.09372215,0.915364,0.2603564,0.6358377,0.5632885,0.09740841,0.1249964,0.8774904,0.7482693,0.1169724,0.11410411,0.7916739,0.07815174,0.3000918,0.8515349,0.1831926,0.2556712,0.1959046,0.8460865,0.7622518,0.7945198,0.303784,0.7825843,0.11195202,0.7970581,0.11608014,0.815793,0.5274117,0.8816824,0.7899982,0.8982278,0.8156404,0.7690888,0.2964654,0.316154,0.1392968,0.6594207,0.1739556,0.877921,0.8881226,0.10089042,0.2405051,0.8706755,0.9364123,0.7731081,0.8487623,0.12621896,0.4381618,0.7447819,0.1299393,0.6475186,0.4388837,0.1445486,0.587535,0.9469161,0.11370867,0.4005057,0.08747769,0.12537372,0.2861664,0.851635,0.4117849
GSM4299648,0.2255985,0.0744123,0.15570301,0.9049419,0.2917352,0.6271132,0.3557699,0.10183152,0.137986,0.8741898,0.7937339,0.1365607,0.12384082,0.7152755,0.09457135,0.2023233,0.8523865,0.2133078,0.2827879,0.309855,0.8336326,0.7811156,0.8384307,0.1838967,0.7794124,0.12435201,0.7829774,0.14284959,0.8008379,0.5636696,0.8806446,0.6863691,0.9248941,0.7626048,0.7808722,0.1979901,0.2215018,0.1257122,0.6603646,0.1509355,0.8832797,0.8877498,0.08369322,0.2125127,0.8556127,0.9348857,0.7620022,0.848494,0.13787074,0.4476869,0.7700031,0.1495765,0.6295358,0.3481539,0.1533573,0.6088558,0.9434678,0.11656724,0.361057,0.07056075,0.11863069,0.2691736,0.8508615,0.4119828
GSM4299651,0.1677735,0.08384133,0.11124933,0.8992335,0.2831284,0.6297196,0.3605925,0.11454932,0.1468363,0.8673317,0.7330382,0.1364959,0.12302552,0.7205544,0.09836114,0.213767,0.8358671,0.2211281,0.2745764,0.1233658,0.8561772,0.7495578,0.8829327,0.1827203,0.777607,0.11957265,0.7869281,0.15293351,0.818742,0.5920974,0.8755665,0.6914489,0.9259824,0.7937171,0.7974553,0.2388851,0.239972,0.149624,0.6423519,0.1806493,0.8891335,0.8877501,0.09891536,0.2478483,0.8556655,0.9263451,0.7478575,0.8514953,0.12326853,0.3745794,0.7822869,0.1270592,0.6272533,0.3780034,0.1398433,0.5906011,0.9418728,0.1192723,0.39676,0.07653964,0.13998741,0.2856624,0.8650152,0.3980465
GSM4299656,0.151998,0.04566099,0.12853809,0.8938396,0.3120687,0.6606814,0.3373549,0.14724096,0.143129,0.8891325,0.7687545,0.1551617,0.10884616,0.7316526,0.0965466,0.239725,0.8384439,0.2033581,0.2213668,0.2136963,0.8560877,0.7664317,0.875677,0.2037931,0.7441128,0.11132131,0.7886752,0.15283885,0.8178803,0.6115044,0.8577137,0.800398,0.9179385,0.7901217,0.7954117,0.2255366,0.1611562,0.14327,0.6878115,0.1445847,0.9026961,0.8856059,0.07965709,0.2131831,0.8668259,0.9398354,0.7578549,0.8287267,0.13133732,0.4685438,0.8069382,0.1534045,0.6319204,0.3173344,0.1492368,0.5109071,0.9444229,0.11955158,0.3102918,0.09092524,0.12202422,0.2274343,0.8681138,0.3783186
GSM4299658,0.1858151,0.04667705,0.1425224,0.8975786,0.3260519,0.6214786,0.427227,0.11230128,0.1745727,0.8806805,0.7223407,0.1508127,0.13051383,0.7138847,0.09615575,0.1863882,0.8263708,0.2441423,0.3961647,0.3808657,0.8157843,0.7766469,0.8726002,0.2458998,0.6939219,0.12094208,0.7757146,0.14261254,0.7868739,0.5815807,0.88553,0.6223134,0.9208044,0.766474,0.8252771,0.1926714,0.2005922,0.1071068,0.6317238,0.1383541,0.8773368,0.9083698,0.11213247,0.2144421,0.8756685,0.9397388,0.756217,0.8751192,0.12228352,0.435635,0.7427147,0.1435767,0.6104198,0.3977679,0.1227712,0.6108875,0.9451231,0.11966942,0.3547575,0.06451089,0.11894719,0.2908526,0.8573488,0.4364335
GSM4299659,0.1896868,0.0392395,0.15581523,0.8947197,0.2721045,0.6685329,0.4773277,0.11290143,0.1326397,0.8691562,0.7678638,0.1399791,0.11556714,0.7592153,0.09970245,0.2559083,0.8295242,0.2467342,0.3157036,0.3547596,0.8374738,0.7649929,0.8485888,0.269653,0.7315903,0.10614453,0.7833436,0.12167899,0.7905278,0.5087485,0.878369,0.7114116,0.912629,0.7804287,0.7716957,0.2984855,0.3786112,0.145973,0.7031334,0.1495337,0.874684,0.8880091,0.05471432,0.2310232,0.8530095,0.9389292,0.7523232,0.8227698,0.1284473,0.4232091,0.7400806,0.1344675,0.6159214,0.4426707,0.1327491,0.6077931,0.9378821,0.11214249,0.3326092,0.08396696,0.10318613,0.3550518,0.8502223,0.4853239
GSM4299660,0.2085312,0.07106029,0.1190163,0.9056347,0.3134735,0.6235525,0.2745427,0.11239268,0.1364914,0.8907185,0.789774,0.1309515,0.11264939,0.6464038,0.09074249,0.3212978,0.8624472,0.1922264,0.2554395,0.1852564,0.8243281,0.8274562,0.8750409,0.2323587,0.7754137,0.09547084,0.8306798,0.1161153,0.8209981,0.593016,0.8858046,0.6423868,0.9197817,0.8044606,0.7759115,0.1836729,0.2265816,0.1475611,0.6786245,0.1515169,0.8773724,0.8685887,0.07418563,0.2133709,0.8565896,0.942547,0.7912284,0.8545436,0.12297586,0.4469423,0.8068405,0.1448524,0.6726871,0.3226688,0.1566887,0.5873202,0.9404314,0.10594173,0.3246034,0.08077508,0.10460785,0.2909332,0.8429395,0.3882697
