,cg18663874,cg08489623,cg12408189,cg26518100,cg00535430,cg26904140,cg09557342,cg07068375,cg26743555,cg00837398,cg08906194,cg13520520,cg08512940,cg27287167,cg00225830,cg20437660,cg10626559,cg20152430,cg10867751,cg23454284,cg08118241,cg27263063,cg21264207,cg01184449,cg05120225,cg13518079,cg25506747,cg12559197,cg10512089,cg04462567,cg14203426
GSM4299202,0.1242089,0.7976278,0.14760331,0.4238563,0.9054206,0.6178369,0.11773456,0.1543327,0.0865641,0.5069556,0.2184562,0.3723673,0.08495953,0.4651258,0.8220378,0.7878746,0.12883325,0.7510229,0.3217597,0.900383,0.2927008,0.8349083,0.08561573,0.7295337,0.1238102,0.5143681,0.4025304,0.5877016,0.7374751,0.9257122,0.8280182
GSM4299206,0.09732104,0.7658735,0.11197095,0.40597,0.9217116,0.5684345,0.10151786,0.1545684,0.09183534,0.5103365,0.2099661,0.4296854,0.09219627,0.482853,0.7988481,0.8434668,0.14299942,0.7765891,0.2919876,0.8902695,0.2595053,0.8864344,0.08696897,0.7784927,0.1324544,0.42914,0.3009915,0.490786,0.6617978,0.920108,0.812948
GSM4299207,0.11432853,0.7999437,0.1119478,0.3815649,0.9073387,0.6011133,0.09442571,0.139693,0.0902735,0.5862367,0.2383629,0.3622289,0.08762,0.46033,0.7950065,0.7954886,0.15450481,0.7601063,0.2970437,0.8793458,0.3305474,0.8595089,0.11253491,0.7666926,0.1555028,0.5162108,0.396549,0.4334421,0.6432347,0.9196591,0.8441058
GSM4299214,0.10887078,0.8002977,0.11899099,0.3262752,0.910978,0.6267477,0.11341865,0.1146355,0.08068255,0.5132766,0.2035135,0.4215526,0.09439932,0.4536053,0.8351607,0.7691499,0.13871608,0.8292436,0.2843064,0.8769278,0.3005813,0.8245803,0.08260283,0.7550846,0.1396501,0.5400984,0.3478099,0.4737463,0.6956768,0.8223565,0.8352518
GSM4299216,0.1041009,0.7970749,0.1831206,0.4226721,0.9162357,0.5913694,0.10956741,0.1561694,0.08693435,0.4679102,0.2358638,0.4438404,0.10053803,0.4450441,0.8087914,0.7996586,0.13896858,0.8175227,0.2959796,0.8832106,0.3173513,0.8612067,0.08433542,0.733811,0.1393341,0.494243,0.3641878,0.4864967,0.6838546,0.8362804,0.8219221
GSM4299217,0.10798248,0.820687,0.16572476,0.4015411,0.92247,0.5031868,0.10611408,0.1560188,0.08886269,0.5551748,0.2011219,0.3828969,0.0892949,0.5033712,0.8111439,0.815799,0.11795629,0.78578,0.3077801,0.8932632,0.2831708,0.853107,0.08541689,0.8124526,0.1449244,0.5463673,0.3467846,0.493019,0.7297784,0.9316706,0.8628282
GSM4299218,0.12589746,0.8224025,0.1196182,0.3969851,0.908541,0.566904,0.10512944,0.1415745,0.09479744,0.5249673,0.249423,0.4558652,0.08215645,0.4497722,0.7805779,0.7971728,0.14019024,0.740659,0.3045788,0.8802037,0.2402469,0.8739378,0.07802524,0.7343466,0.1496168,0.6227643,0.3287062,0.4892971,0.7252746,0.9165373,0.8204934
GSM4299226,0.11261761,0.8600216,0.0698451,0.4359442,0.9241793,0.7026085,0.11990889,0.1712715,0.0999599,0.6885236,0.2259342,0.2963407,0.09908542,0.3936861,0.7460027,0.8000955,0.12574391,0.7372256,0.3077331,0.8796518,0.3541113,0.8447215,0.07606225,0.5990252,0.1150448,0.5006701,0.4448063,0.4985826,0.6704632,0.9447402,0.7914614
GSM4299229,0.11990588,0.8021956,0.1054816,0.4380241,0.9352279,0.5659399,0.10625807,0.1556005,0.08853258,0.5634787,0.22441,0.4281265,0.08274252,0.4221519,0.8505775,0.802209,0.11757871,0.8026011,0.3043993,0.8999655,0.2848243,0.8498059,0.08266897,0.7786116,0.1251105,0.4781576,0.4512642,0.5511574,0.7283513,0.9474196,0.8311234
GSM4299232,0.11338047,0.8239761,0.08531869,0.4147466,0.9373037,0.6694085,0.09572788,0.1396357,0.08514062,0.6800489,0.2225283,0.4474631,0.09612865,0.3741456,0.7702487,0.8329109,0.11920597,0.773422,0.306853,0.89148,0.3064911,0.8523032,0.07096608,0.7608999,0.1414885,0.4092971,0.4166823,0.4665657,0.7008954,0.947631,0.8260845
GSM4299233,0.10866864,0.8184766,0.06733766,0.3992007,0.93947,0.6202312,0.09546187,0.1891241,0.0896168,0.5390236,0.2355607,0.3642539,0.0823974,0.3846192,0.8093747,0.8120463,0.12250847,0.8059164,0.3026828,0.8968016,0.3095768,0.8174728,0.06817859,0.7842591,0.1327096,0.394044,0.462862,0.3973976,0.6332532,0.9465021,0.8290426
GSM4299240,0.1187027,0.8209602,0.1069661,0.3116476,0.9231909,0.3827137,0.10840783,0.1380483,0.08566722,0.689252,0.239407,0.4624997,0.09148871,0.431055,0.8294096,0.8265365,0.11692033,0.7892935,0.3109096,0.9044629,0.2437921,0.8717951,0.08584982,0.7219075,0.1704084,0.3458843,0.3503451,0.4117947,0.5915818,0.9172641,0.8007581
GSM4299246,0.10918731,0.8081696,0.12289005,0.3767453,0.9159972,0.4404027,0.10482201,0.1418923,0.07819653,0.4617641,0.2349322,0.5097041,0.08558328,0.4947055,0.8321551,0.7976775,0.14501725,0.7438005,0.3689359,0.8679034,0.2464889,0.845318,0.08106101,0.734986,0.1596282,0.570609,0.4385436,0.522648,0.6821593,0.908688,0.7970339
GSM4299248,0.12228829,0.849163,0.09714408,0.3723665,0.9315748,0.7437238,0.12014196,0.1963034,0.08980479,0.4220425,0.2134376,0.473939,0.11886223,0.3975576,0.8260267,0.7642009,0.11736539,0.7809825,0.2918007,0.9067875,0.3426073,0.8660355,0.11578771,0.7268626,0.183594,0.503484,0.6179391,0.4289355,0.6224142,0.894888,0.8218751
GSM4299249,0.14377156,0.7852367,0.106939,0.4841702,0.909394,0.4268815,0.11601315,0.1405645,0.10353253,0.5315794,0.2140757,0.3756588,0.10823526,0.4192884,0.8170922,0.8119236,0.09930367,0.7877694,0.3151111,0.9014808,0.3004505,0.8319305,0.11720239,0.6997791,0.1965591,0.5233134,0.4037324,0.5382014,0.6038858,0.9240884,0.8572193
GSM4299340,0.09978366,0.738713,0.12263839,0.427959,0.9141158,0.5454617,0.11259703,0.1296947,0.08362455,0.5064038,0.2235431,0.4019314,0.07936732,0.3714765,0.8250453,0.8211279,0.12828826,0.7854586,0.3239795,0.8989314,0.3434439,0.8538067,0.08165994,0.7670501,0.1480699,0.62908,0.4379191,0.457767,0.6712332,0.9299454,0.8168899
GSM4299343,0.10023507,0.8181434,0.16984772,0.3546464,0.9193145,0.5847606,0.11078443,0.1538502,0.0736538,0.5588312,0.2479986,0.436652,0.08561561,0.4602328,0.799726,0.8135119,0.11555854,0.8330826,0.2784046,0.9067005,0.2684156,0.8451796,0.08427799,0.7912391,0.155388,0.6460731,0.3805066,0.3987674,0.6700756,0.8372642,0.8344715
GSM4299344,0.11777993,0.8413204,0.09888452,0.3790712,0.9310695,0.5621217,0.11043495,0.1508164,0.09015181,0.4799414,0.2326719,0.4315615,0.07713278,0.4471327,0.8307219,0.8191821,0.12486434,0.7877569,0.3192895,0.90467,0.2617433,0.8864806,0.07664376,0.7428894,0.1277869,0.556852,0.4069981,0.4603732,0.6562626,0.928508,0.8164828
GSM4299353,0.12591216,0.7695184,0.12685164,0.3343623,0.918366,0.6041282,0.09578769,0.1489489,0.09047439,0.48281,0.2167639,0.4193762,0.0828246,0.4375269,0.8056206,0.8440974,0.13503071,0.8267958,0.2891911,0.896476,0.3038404,0.8760594,0.0752125,0.7562589,0.1350685,0.6279931,0.3827543,0.444874,0.6691461,0.9085296,0.8314542
GSM4299355,0.11458072,0.8403167,0.09873496,0.4352953,0.9144157,0.5687953,0.09884305,0.14685,0.09352574,0.5356283,0.2262895,0.2874448,0.09052552,0.4163744,0.8269933,0.8240156,0.15781491,0.7908826,0.2957357,0.9138676,0.2712655,0.8797109,0.08743819,0.7224901,0.1476671,0.5537774,0.4252673,0.4163281,0.6410894,0.8368324,0.7837324
GSM4299357,0.13431936,0.8502795,0.11782499,0.3406361,0.9076428,0.5617882,0.10745612,0.1225631,0.09852892,0.4895699,0.2237747,0.4211861,0.08844948,0.5369734,0.8632894,0.7919305,0.14740274,0.7847417,0.310322,0.8919841,0.3083056,0.8572543,0.08500682,0.7265892,0.1602161,0.6061702,0.4368085,0.5785873,0.7093486,0.9320044,0.8315883
GSM4299367,0.11069487,0.788983,0.08080242,0.4127278,0.9183365,0.6716096,0.11638446,0.1577147,0.0708362,0.4681693,0.2464176,0.3159609,0.07453013,0.4563584,0.8381199,0.8601651,0.12407294,0.8086205,0.3211896,0.8899191,0.3092197,0.8514257,0.0658795,0.7393765,0.1368052,0.3204639,0.5086821,0.5291305,0.735388,0.9409349,0.8295777
GSM4299370,0.1082636,0.7930955,0.11385871,0.3979994,0.939289,0.557436,0.11351149,0.1427574,0.08700763,0.5303089,0.214348,0.3472286,0.09057952,0.4435034,0.8311427,0.8067889,0.11312923,0.7993768,0.2724046,0.8623722,0.2375813,0.8796851,0.09431184,0.7481702,0.1474567,0.4984495,0.3803912,0.473594,0.6860069,0.9195203,0.797987
GSM4299374,0.10381344,0.84618,0.13492231,0.4258457,0.9202575,0.5830716,0.09878788,0.1350207,0.10050982,0.576674,0.2081914,0.4784138,0.09257635,0.4641934,0.7905384,0.7882875,0.16058087,0.7964324,0.3105607,0.8595805,0.3146304,0.8396117,0.09895657,0.7392715,0.1464186,0.4888803,0.4058126,0.5392221,0.6535145,0.9353782,0.8633505
GSM4299376,0.10093079,0.8147323,0.11032206,0.426809,0.9227173,0.6105951,0.09610642,0.1303034,0.08816806,0.5314917,0.2371402,0.4532171,0.08031729,0.4669083,0.816708,0.8367671,0.12453156,0.8143148,0.3167215,0.8694427,0.3167004,0.8497623,0.08601149,0.7587011,0.1458408,0.5336323,0.4341829,0.5426945,0.6760858,0.9372048,0.8413931
GSM4299377,0.1252153,0.8259071,0.12393838,0.3798722,0.918652,0.6437808,0.11736689,0.1359113,0.08641852,0.491317,0.2036731,0.3718393,0.08011651,0.4740038,0.813435,0.7294853,0.13915365,0.7466864,0.3433217,0.8438256,0.279107,0.8494414,0.07730122,0.7079506,0.1523174,0.4426359,0.3928521,0.5186013,0.6804429,0.9219446,0.8402021
GSM4299386,0.09075935,0.8047021,0.12305112,0.4214676,0.9030803,0.7317825,0.09875136,0.1629618,0.07270851,0.3889379,0.2046725,0.3321599,0.08182678,0.3969167,0.8257701,0.8107325,0.121372,0.7942985,0.2873987,0.8901104,0.2435386,0.8641131,0.09503198,0.7602239,0.1560987,0.6175937,0.3881715,0.4364063,0.6616554,0.941811,0.783497
GSM4299389,0.13443094,0.7807026,0.12042577,0.3923895,0.887494,0.5908048,0.08504255,0.1543931,0.07952155,0.4640855,0.2172128,0.3876414,0.10311551,0.402265,0.8055636,0.760055,0.117419,0.8075358,0.349759,0.8714369,0.2969205,0.8429711,0.11574933,0.749571,0.1754319,0.5085417,0.307519,0.5017298,0.6864842,0.9281084,0.8238868
GSM4299396,0.12261337,0.6757425,0.10467803,0.3537137,0.9038112,0.6797787,0.1168947,0.1706301,0.0960987,0.5828137,0.1932039,0.2664173,0.10391568,0.4400063,0.8582018,0.8614687,0.11063387,0.7173954,0.2784434,0.873258,0.2509388,0.8496428,0.09699628,0.7537195,0.1418632,0.4373955,0.3855346,0.4670044,0.6021712,0.9325279,0.8574406
GSM4299399,0.11830432,0.8124628,0.09759177,0.4121516,0.9092326,0.6539189,0.11765632,0.1615315,0.09069551,0.5295187,0.1876385,0.4098599,0.10181867,0.4638958,0.8087175,0.7760182,0.11611711,0.8126645,0.3071002,0.9085654,0.3328966,0.8530373,0.08900471,0.757747,0.1357137,0.5016804,0.3645896,0.4858952,0.7048136,0.9228715,0.80705
GSM4299402,0.11995579,0.7897561,0.19655176,0.464361,0.9157086,0.541359,0.10627766,0.1456046,0.09196846,0.5493987,0.2279938,0.4191297,0.09028415,0.4964241,0.839908,0.8291025,0.11922441,0.7654426,0.2947015,0.8716157,0.2386811,0.8630202,0.07482959,0.7778561,0.1397795,0.5739885,0.3389479,0.5768628,0.7369743,0.9347492,0.8393619
GSM4299404,0.11403095,0.8018986,0.08246849,0.3224421,0.9102391,0.5760701,0.13023886,0.1657544,0.09353907,0.5231087,0.2374935,0.2925765,0.09345651,0.3794926,0.7040908,0.822206,0.15663907,0.7552227,0.2777976,0.9037072,0.2414418,0.8596239,0.09961602,0.6258389,0.1343252,0.3858409,0.3593267,0.3401044,0.6128028,0.9296061,0.8191263
GSM4299405,0.11600301,0.7722513,0.13770741,0.3433402,0.8888787,0.5536646,0.09838201,0.1635278,0.09406069,0.3310022,0.2490453,0.2560222,0.08633475,0.5124322,0.6732611,0.8125626,0.1345515,0.793124,0.3970044,0.8929014,0.2345031,0.868191,0.08424239,0.865594,0.1313565,0.5584362,0.3813103,0.5877464,0.5882544,0.9279103,0.8614472
GSM4299406,0.08986985,0.8001364,0.10422677,0.4687009,0.9308477,0.6166704,0.09792785,0.1501801,0.07889829,0.5809065,0.2070237,0.3368684,0.11251785,0.3838817,0.836535,0.7882905,0.12253414,0.7835515,0.3131318,0.8556316,0.3480426,0.8584503,0.09180839,0.7588747,0.1634717,0.5177138,0.3533968,0.3770361,0.656144,0.9199399,0.8157188
GSM4299407,0.10875561,0.8342232,0.10701929,0.4477162,0.9173407,0.5423829,0.09103456,0.1515438,0.0900339,0.4989639,0.2106912,0.3816554,0.07882732,0.5010174,0.7833953,0.8215905,0.13484201,0.8008503,0.2959922,0.8827001,0.3208262,0.8527029,0.08807809,0.7473493,0.1387035,0.3866672,0.4602179,0.561443,0.7184553,0.9348878,0.8654215
GSM4299409,0.12090381,0.8209552,0.15405371,0.3229404,0.9177406,0.555485,0.09640171,0.1550387,0.08920363,0.5805935,0.2174538,0.4341113,0.08672757,0.4116653,0.82114,0.796646,0.11976515,0.8198888,0.281387,0.8631678,0.2843016,0.8627562,0.09339359,0.7297029,0.1333086,0.4321451,0.3904746,0.436345,0.7062768,0.9237621,0.8211038
GSM4299412,0.10921351,0.8113834,0.07537767,0.4578143,0.9168505,0.4897514,0.09669755,0.1346944,0.09455274,0.5098193,0.2089429,0.2794838,0.09546563,0.4664224,0.7766715,0.8289358,0.13010285,0.7899384,0.3046953,0.8787135,0.2847856,0.8609937,0.08567507,0.8025749,0.1397938,0.5388539,0.4275911,0.521267,0.6357505,0.9266316,0.8260442
GSM4299413,0.13504913,0.8255218,0.10352432,0.363197,0.9187745,0.5212021,0.10010107,0.1399109,0.10163056,0.5175051,0.2118999,0.4128439,0.09950762,0.4342343,0.8048526,0.7731189,0.12124843,0.7931502,0.2842916,0.8839232,0.2471117,0.8527479,0.10778082,0.7450943,0.1465786,0.5180512,0.4606379,0.424356,0.659366,0.9395335,0.8447578
GSM4299415,0.10270386,0.7749248,0.11646277,0.4124254,0.9137096,0.6132995,0.10108006,0.1665703,0.08731553,0.5546457,0.2222152,0.3592142,0.0862147,0.4063904,0.8300741,0.8137477,0.13970012,0.8261179,0.2562593,0.9002791,0.321673,0.8527675,0.08192573,0.7437129,0.1580579,0.5367729,0.3476143,0.4324856,0.6738813,0.9284008,0.8234443
GSM4299416,0.10301579,0.8024621,0.12663174,0.3841487,0.9125718,0.5743915,0.09637075,0.1734282,0.08577157,0.5327521,0.1994525,0.3483234,0.08656087,0.3682406,0.8312369,0.8211691,0.10986047,0.8221251,0.2831163,0.8717412,0.2413115,0.8410334,0.08791631,0.7585909,0.1309799,0.5131176,0.3634137,0.3818791,0.6518409,0.9355985,0.8028782
GSM4299420,0.12149966,0.7953314,0.08881244,0.4160898,0.9041425,0.5133259,0.10032215,0.1728286,0.09229404,0.5720729,0.2320365,0.3577951,0.09585324,0.4466445,0.8320646,0.7641489,0.11296005,0.7951098,0.3002855,0.876474,0.2383231,0.8724066,0.08522858,0.7605828,0.1428928,0.5376914,0.3474209,0.4880633,0.6621911,0.9357453,0.824496
GSM4299422,0.11367203,0.79809,0.10428226,0.4237029,0.9168914,0.6241626,0.11257634,0.1449726,0.08218406,0.5414055,0.200257,0.4380866,0.09207992,0.4563949,0.7614547,0.8231334,0.13695877,0.7745301,0.3003974,0.8696905,0.2630428,0.8726034,0.08250801,0.7478049,0.1443088,0.4776404,0.4021602,0.5157652,0.7163625,0.9219236,0.8141815
GSM4299425,0.10736662,0.8360135,0.10778035,0.4178065,0.9244293,0.6583789,0.11437341,0.1475817,0.07516689,0.5602832,0.2175711,0.3258862,0.08773099,0.3593714,0.8024427,0.821021,0.13589902,0.817712,0.2786813,0.9044738,0.2676602,0.8871927,0.0927756,0.7513681,0.1423051,0.5267281,0.3818835,0.3756427,0.6097399,0.9300553,0.8099948
GSM4299428,0.10443115,0.8211271,0.12268859,0.4708159,0.9310667,0.5826386,0.10384263,0.1656572,0.08656526,0.6204466,0.2016118,0.4593643,0.08606381,0.4439773,0.8184608,0.809577,0.12203265,0.7891259,0.3451856,0.9029201,0.2702974,0.8504822,0.08762219,0.7113429,0.1400795,0.5622623,0.2821815,0.4953891,0.7279641,0.8648316,0.8053667
GSM4299430,0.10066818,0.7744174,0.08933184,0.3985082,0.9204097,0.5063822,0.10243476,0.1467008,0.10060551,0.4708423,0.2147821,0.3863981,0.10090786,0.4874711,0.8332252,0.7932338,0.12987768,0.8021357,0.3415956,0.8955484,0.2849227,0.8650299,0.07787762,0.7209263,0.1328807,0.3958662,0.4154054,0.5078589,0.7397718,0.9480552,0.8167265
GSM4299435,0.13073865,0.8042745,0.12420193,0.3935396,0.9122391,0.5867635,0.10539375,0.1607808,0.09103379,0.556234,0.2050111,0.3812688,0.07476584,0.434779,0.8131946,0.8063655,0.14536253,0.799577,0.3303988,0.896895,0.2901232,0.8570908,0.07675134,0.8162078,0.1474518,0.5327588,0.3397505,0.4504407,0.6877603,0.9290889,0.8597333
GSM4299452,0.11238007,0.8032849,0.09623139,0.4455539,0.906679,0.5972857,0.09794401,0.1665474,0.09399918,0.5986983,0.2159875,0.4274264,0.11111713,0.3911061,0.7341163,0.8117853,0.11125362,0.7781114,0.3216304,0.8650992,0.2573031,0.8329858,0.08329174,0.7242511,0.1519606,0.5337405,0.4290153,0.3963667,0.6962646,0.9297005,0.8093378
GSM4299460,0.11749152,0.7059675,0.12688857,0.3650797,0.9184673,0.6257978,0.11541666,0.1848776,0.10257309,0.5059408,0.1997872,0.3299467,0.08869333,0.4334927,0.8442543,0.7350602,0.11859217,0.8013329,0.3123598,0.875606,0.2760437,0.8596016,0.08436078,0.7256396,0.1433085,0.5807594,0.5141263,0.3762807,0.6640063,0.9154238,0.7940751
GSM4299461,0.10990388,0.7708769,0.11352006,0.4419765,0.9264007,0.7247398,0.10266041,0.1588321,0.08946663,0.6266666,0.2193943,0.3261235,0.09030837,0.477569,0.8301758,0.7970779,0.14562954,0.7990248,0.3419162,0.8905758,0.3087191,0.860935,0.08419644,0.7211424,0.1416862,0.4883838,0.4109418,0.5222405,0.6860303,0.9176153,0.8169846
GSM4299462,0.1254501,0.7723104,0.09542631,0.3610669,0.9186646,0.5847963,0.09705876,0.155654,0.082005,0.463013,0.2215713,0.376896,0.08832475,0.4596704,0.8397123,0.7930528,0.14672382,0.7889995,0.3332931,0.8710512,0.3688785,0.8582228,0.09485515,0.7966843,0.1436156,0.5026893,0.4479196,0.4737925,0.704237,0.9316127,0.8163122
GSM4299464,0.12880425,0.8446265,0.10497396,0.3693959,0.9176666,0.5263518,0.10411087,0.1537637,0.09168138,0.5422223,0.2121305,0.4391537,0.08382255,0.41136,0.8162038,0.8208644,0.14553323,0.7860431,0.3207406,0.884265,0.2651617,0.8373535,0.09030987,0.720792,0.1331532,0.5739115,0.449741,0.4527668,0.6444214,0.9366281,0.79205
GSM4299467,0.12472553,0.8228916,0.11021544,0.3497028,0.9280255,0.4966257,0.10652544,0.1461749,0.08794531,0.6255762,0.1947931,0.355282,0.08285395,0.4002235,0.8454377,0.8106402,0.12133694,0.8084805,0.3015952,0.8625581,0.3022283,0.8569572,0.0920011,0.7054535,0.1321243,0.3959394,0.3213095,0.3966138,0.6618792,0.9297386,0.8546896
GSM4299471,0.10722394,0.8412545,0.13864594,0.4015619,0.9100813,0.5126366,0.11173029,0.1443143,0.07088918,0.5292081,0.2432815,0.3429689,0.08264042,0.3969795,0.8380372,0.8398439,0.11690741,0.7991763,0.323323,0.9010945,0.3102141,0.8548858,0.08739874,0.7769249,0.1453609,0.5512904,0.4168803,0.493459,0.6780373,0.9338998,0.8264653
GSM4299474,0.12126458,0.7624844,0.13651903,0.4087465,0.917657,0.6107474,0.10572349,0.1740999,0.09255746,0.4907095,0.2337914,0.4460793,0.08722127,0.4881986,0.8088694,0.8251853,0.13173001,0.8064689,0.2868848,0.8775,0.2410458,0.8686108,0.0852952,0.7663959,0.1454348,0.4998289,0.3464385,0.47686,0.6863639,0.7724243,0.8408325
GSM4299475,0.10915497,0.8047478,0.12748088,0.3917991,0.9143553,0.6040718,0.09816972,0.1525768,0.09845875,0.4827218,0.2136327,0.3865503,0.11078987,0.4334134,0.8190073,0.798234,0.1362776,0.7847188,0.2925689,0.8451387,0.2721691,0.8500933,0.10017774,0.7669644,0.1772827,0.480879,0.3427974,0.4762043,0.6652428,0.9204577,0.7827251
GSM4299480,0.12598035,0.7535313,0.10563873,0.381857,0.9083303,0.5296107,0.1039238,0.1650915,0.07438554,0.4824902,0.2728667,0.4068994,0.08899475,0.4407254,0.8513188,0.8205341,0.15007725,0.7645842,0.3043348,0.8701971,0.2715717,0.8429732,0.07507598,0.7355615,0.1521395,0.4962813,0.5013572,0.4767466,0.6612219,0.915354,0.8320269
GSM4299481,0.10302519,0.8080295,0.12526838,0.4435923,0.9147349,0.5831557,0.10044728,0.1474147,0.09939204,0.5271261,0.2157696,0.4237438,0.08748369,0.4666333,0.7871557,0.8057622,0.10972461,0.8032194,0.3008937,0.8589082,0.2876311,0.8649058,0.08452143,0.7292587,0.1539045,0.5742259,0.4111947,0.43827,0.7049013,0.9287633,0.8439639
GSM4299484,0.1389967,0.7684658,0.11100279,0.3753395,0.9240592,0.6355503,0.11036178,0.1890518,0.09578526,0.4977162,0.231371,0.3350594,0.09743337,0.4182938,0.801586,0.8412634,0.12688761,0.7674156,0.3003568,0.8584072,0.219732,0.8736528,0.09776067,0.7512042,0.1636441,0.5128105,0.4556318,0.4611888,0.6633264,0.9174933,0.8389843
GSM4299488,0.11258158,0.7854944,0.11689403,0.4119833,0.9048168,0.6213302,0.09780339,0.1689706,0.1093671,0.5235513,0.201181,0.3674455,0.08862761,0.4515388,0.863379,0.7254893,0.14740926,0.8259825,0.3400134,0.8635195,0.2646466,0.8571463,0.08481509,0.7906284,0.1305588,0.4140526,0.3697022,0.5257297,0.7083613,0.9215697,0.7817684
GSM4299489,0.11568663,0.6659502,0.11516626,0.3927816,0.9075051,0.6619158,0.1031894,0.1673688,0.10137808,0.5169997,0.2193604,0.3589594,0.08876683,0.4431327,0.840131,0.818708,0.1393507,0.7282045,0.3135774,0.8529543,0.2560006,0.8570381,0.0844693,0.7450709,0.1384208,0.5891186,0.4112112,0.4582557,0.5933268,0.9370324,0.7448932
GSM4299494,0.12265751,0.8119317,0.10861504,0.3854609,0.9016191,0.5937091,0.11313553,0.1665351,0.10482189,0.5462332,0.2253845,0.3514017,0.07586038,0.4499004,0.837857,0.8351054,0.11296545,0.7863323,0.2808431,0.8855007,0.2424544,0.8502893,0.08511772,0.7000408,0.1363291,0.4395053,0.3488489,0.450129,0.7018205,0.9418427,0.8301033
GSM4299496,0.11415115,0.8271926,0.13654877,0.4412893,0.9064185,0.4871892,0.10447076,0.1641023,0.08618468,0.5156314,0.220059,0.3955443,0.0910917,0.4467624,0.8310585,0.8063957,0.13631235,0.8184624,0.3275865,0.8920284,0.2765969,0.8526865,0.0728536,0.7815002,0.1528692,0.5111806,0.409609,0.459142,0.6894646,0.9228194,0.8002926
GSM4299497,0.12609331,0.7324864,0.07107119,0.3841159,0.9116458,0.5116171,0.10957199,0.1417097,0.09053959,0.4226471,0.2097048,0.3102441,0.08891921,0.5010035,0.8046206,0.7979746,0.1483954,0.7685618,0.3041174,0.8958499,0.322463,0.8598059,0.07770492,0.7343848,0.1493018,0.4194891,0.387296,0.536126,0.7283611,0.9333974,0.8329279
GSM4299500,0.10325248,0.8459035,0.10605221,0.391326,0.9239369,0.7144653,0.1053975,0.1683669,0.0875747,0.3876853,0.2149406,0.2994331,0.101749,0.4776956,0.8509007,0.785266,0.13666902,0.7685302,0.3146401,0.8723356,0.2759795,0.8487425,0.09116386,0.7384584,0.1366719,0.5918385,0.3837306,0.555174,0.7358712,0.9189596,0.8818346
GSM4299501,0.11094463,0.7626431,0.10909877,0.4329133,0.9306453,0.5657922,0.10501769,0.1947137,0.08953429,0.4759848,0.2624825,0.3966875,0.0902224,0.4329676,0.8079362,0.7950546,0.13526318,0.8156307,0.3012475,0.8899029,0.2708951,0.849242,0.09010769,0.7816177,0.1696708,0.5266479,0.376656,0.4226713,0.7075156,0.9231944,0.7907254
GSM4299553,0.11499378,0.8187559,0.11127765,0.3545791,0.9063835,0.6005452,0.11927167,0.1657895,0.09115249,0.5934661,0.1873433,0.3466735,0.11020679,0.4217925,0.8122797,0.7579095,0.11921905,0.8056405,0.3365548,0.8997461,0.3010965,0.8553913,0.08794599,0.72504,0.1391951,0.4260131,0.3325658,0.4679739,0.7088204,0.9164312,0.8384351
GSM4299554,0.11019122,0.803167,0.09651277,0.377724,0.9268763,0.5878896,0.10256583,0.1539593,0.08454752,0.6308081,0.1954326,0.3612997,0.0845964,0.4215709,0.8194611,0.7864684,0.1243759,0.8227213,0.2880279,0.8960585,0.2721922,0.8366916,0.09823173,0.7604084,0.1568056,0.6066054,0.397364,0.4558324,0.6816414,0.8442286,0.8590387
GSM4299558,0.12027761,0.8095075,0.15322918,0.3424522,0.9176283,0.5296583,0.08980659,0.1487494,0.08828767,0.486147,0.2533324,0.3648887,0.08481587,0.4277613,0.7649905,0.8050915,0.13477908,0.7925743,0.2998829,0.8591425,0.2110407,0.8650057,0.08392972,0.734265,0.1463705,0.5515854,0.4136822,0.4179553,0.6665065,0.8240694,0.8256833
GSM4299560,0.11624294,0.7915248,0.09677696,0.3843088,0.9129819,0.6837635,0.10289816,0.1414798,0.09340855,0.4874375,0.214394,0.4939444,0.10078661,0.4283685,0.8311922,0.8226445,0.1383493,0.7858908,0.3738483,0.836979,0.3084331,0.8374203,0.08505214,0.7444208,0.1472089,0.5392305,0.3854618,0.4418363,0.6872095,0.9220395,0.8398471
GSM4299562,0.11789282,0.8164143,0.10338396,0.3100175,0.923769,0.5745622,0.10215365,0.1648732,0.09175545,0.5611515,0.1915918,0.419077,0.08138562,0.4450229,0.8468903,0.8358286,0.10900352,0.7835445,0.3131626,0.8801137,0.2399893,0.8624059,0.09293553,0.7547733,0.134126,0.5924852,0.4021945,0.4271877,0.6967313,0.9396235,0.8680599
GSM4299563,0.12008438,0.8201874,0.09722056,0.4465976,0.9183633,0.6452309,0.11373202,0.1651085,0.09056492,0.4618895,0.2132179,0.3709751,0.08208957,0.4727466,0.8195877,0.8170908,0.12191538,0.7603509,0.3292012,0.8786879,0.3092892,0.8715178,0.0876229,0.7139546,0.1488379,0.4634252,0.3493062,0.4893433,0.6596282,0.9221413,0.8413024
GSM4299564,0.12606218,0.8359251,0.14868178,0.5053609,0.9253895,0.6179743,0.10918042,0.1672275,0.07939952,0.6089234,0.2117783,0.40432,0.11134552,0.4609898,0.7822033,0.8033007,0.12987922,0.8371072,0.3045283,0.8522218,0.2922574,0.8556959,0.09225405,0.760129,0.1476332,0.5394796,0.3061394,0.532169,0.7200088,0.9026772,0.8928477
GSM4299566,0.11726947,0.8205171,0.11693461,0.3814718,0.9042157,0.5211336,0.10417976,0.1560381,0.09046888,0.651343,0.2074748,0.3017813,0.09155824,0.3994552,0.7125814,0.7961269,0.11741651,0.7456089,0.3056063,0.8589998,0.2431672,0.8545584,0.0863071,0.8399678,0.1398101,0.6080883,0.329002,0.4029114,0.6366615,0.7560166,0.7958889
GSM4299567,0.10617691,0.8052991,0.13296073,0.3997099,0.9095248,0.5894248,0.09481572,0.1439192,0.08212077,0.5881956,0.2119371,0.4915386,0.08280014,0.4588774,0.858721,0.8109331,0.1275616,0.8175265,0.3000818,0.8409644,0.2803737,0.8660522,0.10260126,0.6863245,0.1572814,0.64035,0.3417981,0.4679589,0.6989352,0.921142,0.8581543
GSM4299568,0.12466156,0.794806,0.11712012,0.3875835,0.923048,0.6252631,0.10241254,0.1571612,0.08270032,0.474882,0.207465,0.347161,0.08234576,0.4641729,0.8042367,0.8273206,0.12184914,0.7873863,0.2897548,0.8835934,0.2683785,0.8628707,0.08083835,0.7311091,0.1335443,0.5293096,0.3118997,0.4447259,0.6554482,0.9321536,0.8309636
GSM4299570,0.11228396,0.8076505,0.12364958,0.4460119,0.9344436,0.6253622,0.08528213,0.1616529,0.08239954,0.4896911,0.2243943,0.382563,0.09122783,0.444332,0.8030757,0.8033151,0.12815549,0.812333,0.3099369,0.8833888,0.2778611,0.8551696,0.09053781,0.734728,0.1587661,0.5712197,0.361099,0.4496628,0.6667924,0.8197917,0.7873998
GSM4299580,0.11784284,0.8216817,0.11985104,0.3839198,0.918698,0.6938023,0.10839587,0.1704842,0.08878529,0.6442197,0.2091498,0.4100819,0.0808914,0.4023655,0.7832343,0.817137,0.13341122,0.7889425,0.276799,0.898045,0.2507309,0.8805316,0.09019518,0.7986533,0.1484026,0.5713557,0.4112303,0.4438906,0.6756811,0.9124427,0.7920588
GSM4299583,0.13495268,0.6513384,0.14366975,0.3428933,0.9167787,0.5963445,0.11705528,0.1637936,0.0962403,0.3300646,0.2141969,0.4274036,0.08960255,0.4126734,0.8528047,0.8067828,0.13442685,0.7816244,0.2850055,0.8716199,0.2073632,0.8679896,0.0823642,0.7196302,0.1481814,0.6548582,0.4153457,0.4440815,0.6194633,0.9216467,0.819252
GSM4299584,0.12580362,0.8262837,0.11845872,0.3515192,0.921716,0.3553613,0.09207287,0.153164,0.09776128,0.3520937,0.2301231,0.5346864,0.08740669,0.4456073,0.6448987,0.8204956,0.1207893,0.7362865,0.258664,0.8728057,0.2397458,0.8647281,0.08033018,0.8421491,0.1462223,0.5112665,0.4223084,0.4548887,0.603545,0.9234813,0.7935122
GSM4299592,0.09895693,0.7767387,0.1054874,0.4292156,0.909333,0.6107654,0.10364223,0.1448863,0.08202925,0.4717082,0.2271008,0.427963,0.08048831,0.4984641,0.8208834,0.8008322,0.13824655,0.7612173,0.3399622,0.8955534,0.269097,0.8508701,0.0795105,0.710795,0.1492707,0.52219,0.407186,0.5565122,0.7431035,0.9148551,0.8546748
GSM4299593,0.1073049,0.7128039,0.11170262,0.4357399,0.9146832,0.5971421,0.10828548,0.1519097,0.09683116,0.4396036,0.2338004,0.2954511,0.08599342,0.5196028,0.8360796,0.7983969,0.13821536,0.7952622,0.3310648,0.9000025,0.3027949,0.8722148,0.08053602,0.7578694,0.1339127,0.4006869,0.4489386,0.5221183,0.7187145,0.9144601,0.8384205
GSM4299594,0.09966028,0.7675603,0.11884253,0.370466,0.9059076,0.5967357,0.11164787,0.1717952,0.09643346,0.5100823,0.1950192,0.4008074,0.08457826,0.4467672,0.8342787,0.7880707,0.11507436,0.7708395,0.3177279,0.883734,0.2641547,0.8487173,0.0975149,0.7690327,0.1473778,0.4872109,0.4512236,0.4818902,0.6658019,0.9251368,0.7958479
GSM4299595,0.10536618,0.7896833,0.11391573,0.4186495,0.9217232,0.5887465,0.09333761,0.1449311,0.09460823,0.5195962,0.2177749,0.3795841,0.08411379,0.4875903,0.8406119,0.8080981,0.12276477,0.78727,0.3165897,0.8727112,0.2536177,0.8539263,0.0778483,0.7189344,0.1430745,0.5824378,0.3928287,0.4316499,0.6783226,0.9281039,0.8427246
GSM4299596,0.10322597,0.8210154,0.13523431,0.4532752,0.9158959,0.5412965,0.09392019,0.1215451,0.07751443,0.5523663,0.2231824,0.3720944,0.08909632,0.4576464,0.7938954,0.8067058,0.13058263,0.7886603,0.3101631,0.8899658,0.2767961,0.8426588,0.08963391,0.817264,0.1557372,0.5481272,0.4651334,0.5634537,0.7054204,0.9225938,0.828748
GSM4299615,0.11750891,0.832232,0.13139351,0.4091123,0.9122403,0.578339,0.09078677,0.1584613,0.09707098,0.487104,0.1977951,0.4040288,0.08836315,0.4573637,0.698587,0.7770165,0.12869096,0.7467876,0.3388227,0.8941031,0.2566076,0.8462339,0.09089418,0.8224454,0.1459268,0.4227103,0.3638538,0.5123812,0.6445324,0.9180289,0.8414932
GSM4299617,0.11251691,0.7931073,0.11650137,0.4417661,0.9185416,0.4393039,0.12183181,0.1465979,0.10097393,0.5407902,0.2189276,0.2975503,0.09470035,0.4533682,0.834667,0.7978415,0.11719038,0.8004776,0.3074786,0.8678738,0.2303869,0.8572983,0.08970233,0.7965541,0.1449534,0.5435308,0.4001582,0.4371667,0.6678347,0.9160574,0.8313227
GSM4299618,0.11317143,0.8434561,0.11502338,0.4100807,0.9101827,0.5786119,0.11225594,0.1699477,0.09388599,0.4917408,0.2119898,0.4311989,0.08444027,0.4282322,0.7837939,0.8104387,0.13700215,0.7866339,0.3332235,0.8627229,0.2818978,0.8629103,0.08314633,0.7491203,0.1364568,0.5674773,0.3224229,0.4325815,0.7105631,0.9290832,0.7682738
GSM4299621,0.11120052,0.8218422,0.12950435,0.3744527,0.9084225,0.6512441,0.10226224,0.1336901,0.08783378,0.5389394,0.2242051,0.4376128,0.0860038,0.3991369,0.8653001,0.8218338,0.1366475,0.77921,0.2957693,0.8597585,0.2538774,0.8383873,0.09417297,0.7230517,0.1371977,0.5138235,0.3580437,0.4887298,0.6746972,0.9315006,0.8219094
GSM4299623,0.12044672,0.7356801,0.09722246,0.3991175,0.9129351,0.5986088,0.09971822,0.1638713,0.08669192,0.5628081,0.2276672,0.3659761,0.08591874,0.5099844,0.7972852,0.8212713,0.12769549,0.7832774,0.327204,0.8638819,0.265461,0.8398385,0.09503516,0.7786734,0.1379549,0.5489452,0.4559127,0.5083585,0.677265,0.8315495,0.8515659
GSM4299624,0.09927767,0.8300846,0.10356558,0.3682052,0.9054862,0.7976498,0.10092685,0.1700158,0.08874979,0.3398683,0.2108556,0.4373286,0.0844939,0.4536894,0.8284656,0.7479354,0.16032953,0.753478,0.341757,0.8257989,0.2263958,0.8726523,0.09681429,0.7203698,0.1423437,0.4778057,0.3759736,0.5046781,0.6639196,0.9141501,0.7994605
GSM4299625,0.10901417,0.8318351,0.10397548,0.3603373,0.907951,0.440035,0.08893471,0.1402204,0.08219707,0.5016429,0.2147307,0.4724354,0.08187083,0.4667352,0.8101654,0.774721,0.10979764,0.8196981,0.2931036,0.909959,0.2305483,0.8686853,0.08899477,0.7377517,0.1480785,0.5428961,0.371515,0.446719,0.6475957,0.9348579,0.7840939
GSM4299626,0.11544353,0.8274802,0.11924103,0.408883,0.9088435,0.6026835,0.11187398,0.1401664,0.10853321,0.5144657,0.2255198,0.3520959,0.09232987,0.4884973,0.8409267,0.7977745,0.14471326,0.7904127,0.310016,0.8883553,0.2287686,0.8491011,0.08462004,0.7838519,0.1331265,0.4908312,0.4169582,0.4383306,0.6469979,0.9207727,0.8184039
GSM4299631,0.10053965,0.8078778,0.11843556,0.3834575,0.9173449,0.5337212,0.1222561,0.1572502,0.10588048,0.5392285,0.20084,0.4023589,0.10013925,0.4245134,0.8539157,0.8038459,0.14863036,0.7560323,0.2952211,0.8759558,0.2743668,0.8618627,0.08997292,0.7302816,0.1451944,0.4040629,0.3553062,0.3926805,0.6273242,0.9246364,0.7974189
GSM4299633,0.1075422,0.8186751,0.12693648,0.4257875,0.9163562,0.562169,0.09297571,0.1445398,0.0882347,0.4871893,0.2085745,0.4302556,0.10172635,0.4361005,0.8125076,0.8541897,0.13032685,0.7915584,0.3002502,0.903263,0.2346033,0.8695874,0.08993836,0.7472104,0.1467211,0.5262716,0.4108748,0.4278201,0.6659849,0.9238084,0.8676799
GSM4299634,0.12606164,0.731424,0.13030271,0.3792365,0.9014136,0.485969,0.10320789,0.1510513,0.0962137,0.4352423,0.2270502,0.4342,0.08681714,0.4049957,0.8462254,0.8226084,0.13966339,0.8163072,0.2736883,0.8862308,0.2295556,0.8694993,0.08519584,0.7639055,0.1433363,0.5045224,0.4302528,0.4440991,0.6710863,0.9232612,0.7984247
GSM4299642,0.13007651,0.704508,0.11399867,0.3889734,0.9217649,0.5554476,0.09902438,0.1421201,0.09460435,0.5340002,0.2316013,0.3638844,0.08723847,0.4070838,0.7542577,0.8086287,0.10562363,0.79752,0.2459775,0.8672526,0.2581704,0.8614148,0.08848992,0.7287432,0.1517476,0.5099621,0.3841005,0.4080816,0.6122121,0.8201732,0.7832607
GSM4299643,0.11798547,0.795649,0.14259033,0.42402,0.922827,0.6656324,0.09963001,0.1626295,0.07787675,0.4873489,0.241151,0.3307067,0.07865117,0.4667405,0.7939712,0.8133988,0.13251772,0.8016217,0.2745122,0.899252,0.2493546,0.856519,0.08334721,0.799035,0.1361414,0.4911592,0.3722225,0.3988538,0.6398047,0.9223667,0.8228093
GSM4299646,0.13618153,0.6937439,0.11029386,0.3799464,0.9304568,0.6811706,0.11441638,0.1511105,0.10789653,0.526587,0.2135479,0.414709,0.08999452,0.3926861,0.8384641,0.7701048,0.12342484,0.797741,0.3138377,0.8876176,0.2802071,0.8488629,0.08467491,0.7624761,0.146733,0.5139861,0.3469143,0.4127685,0.6451822,0.9258998,0.8051229
GSM4299647,0.11356875,0.7713368,0.11284272,0.4547886,0.9228626,0.5097165,0.08997931,0.1438683,0.08049981,0.5653555,0.2119006,0.3890989,0.08030738,0.5548335,0.7938113,0.7940833,0.14590061,0.7961043,0.3616102,0.868768,0.3258078,0.8198719,0.08271832,0.7123889,0.1429323,0.4679154,0.4249931,0.5248292,0.6839444,0.9138823,0.8463376
GSM4299648,0.13931346,0.7642716,0.13655019,0.3879367,0.9151921,0.5734676,0.10822405,0.1706872,0.10552763,0.5176427,0.2450813,0.3699796,0.07923663,0.3859948,0.8000634,0.7354241,0.13013752,0.7913417,0.2866425,0.8664002,0.2467982,0.8632636,0.11110995,0.7381796,0.153966,0.5717476,0.3991738,0.4053684,0.6666362,0.925093,0.8335082
GSM4299651,0.12907812,0.7870903,0.10374974,0.4464723,0.9148548,0.6474729,0.086258,0.1801995,0.09738001,0.4062397,0.2115233,0.3377825,0.09378089,0.3704594,0.8398987,0.7892314,0.16509724,0.7863096,0.2734868,0.881224,0.2760294,0.8639384,0.08936862,0.7675866,0.1360529,0.4934913,0.3356427,0.338353,0.622035,0.934445,0.7925313
GSM4299656,0.1222646,0.8573627,0.10882052,0.3382616,0.898141,0.5605538,0.10930396,0.1466836,0.08800659,0.5836713,0.2337935,0.4263844,0.09507446,0.4094541,0.8340184,0.812435,0.13599986,0.7587734,0.316192,0.8791571,0.2656957,0.8422806,0.09304146,0.7177092,0.1407971,0.5933131,0.3273317,0.4058763,0.5788499,0.9375121,0.7958322
GSM4299658,0.12071806,0.8152417,0.12006984,0.3883034,0.9048765,0.5679221,0.10546953,0.148504,0.10653522,0.6126421,0.2222992,0.3778179,0.09274051,0.4808747,0.7833023,0.8054462,0.16394577,0.7823332,0.30828,0.8599671,0.2297369,0.8702538,0.08025078,0.7243619,0.1458637,0.5715251,0.3299825,0.3975378,0.6819206,0.9275321,0.7839772
GSM4299659,0.10523707,0.8258356,0.11798996,0.4258927,0.9145406,0.5915127,0.09257248,0.1369743,0.08325232,0.534284,0.2149823,0.4305918,0.09134491,0.5174315,0.7933587,0.7896016,0.13113141,0.766448,0.3247556,0.8916667,0.3042871,0.8427846,0.08010693,0.783323,0.1557268,0.52872,0.483097,0.5408173,0.6914154,0.9212872,0.8571835
GSM4299660,0.12550067,0.7756635,0.11506174,0.3976235,0.9268635,0.4848826,0.10156624,0.1478119,0.09055794,0.5466769,0.2375919,0.33988,0.09143617,0.3514106,0.8070703,0.8150441,0.13489395,0.800946,0.3051443,0.8979284,0.2469982,0.8680423,0.08690024,0.748812,0.1442114,0.5762234,0.3896799,0.3992389,0.6593363,0.9153509,0.7987265
