,cg03094675,cg02574844,cg19416570,cg18959621,cg03042692,cg20395040,cg00298065,cg01863042,cg22079902,cg08083251,cg10589310,cg15555970,cg05656990,cg24799795,cg25472530,cg22054885,cg18136963,cg07815836,cg15973954,cg02444433,cg05215994,cg06350404,cg07185983,cg03271093,cg25319279,cg06864789,cg07011961,cg12899157,cg17136073,cg25399239,cg21164232,cg05234568,cg01667892,cg14239592,cg13902645
GSM4299202,0.8515072,0.928911,0.6607712,0.7716582,0.7455018,0.6918955,0.7344548,0.6741201,0.6873205,0.5981861,0.6441637,0.20394584,0.6178402,0.754505,0.5718986,0.7030582,0.7321287,0.6813013,0.5221727,0.7365831,0.7718782,0.1979015,0.7205964,0.8301036,0.8743542,0.7147033,0.6312796,0.299464,0.7142482,0.61249,0.17197088,0.8235376,0.6602824,0.863757,0.9398404
GSM4299206,0.8344374,0.9429783,0.628112,0.8132058,0.8224222,0.7096207,0.7064112,0.7608038,0.8136264,0.7187724,0.6927165,0.16213329,0.6485255,0.7613406,0.680622,0.8055939,0.567699,0.7249564,0.517254,0.8585522,0.839693,0.1744868,0.4965894,0.8000571,0.881294,0.4462859,0.7483634,0.2998071,0.745343,0.408806,0.14377475,0.8200178,0.8184545,0.8701609,0.9337302
GSM4299207,0.8371506,0.9320828,0.6203524,0.7159907,0.7052579,0.6558616,0.6788464,0.456236,0.8266944,0.5559139,0.7240811,0.21090053,0.4320087,0.8142855,0.7673678,0.8548695,0.6848648,0.7602464,0.3139861,0.8965045,0.773429,0.2130598,0.6379654,0.817021,0.8867474,0.6384925,0.7667665,0.3703499,0.6115244,0.5436183,0.15765267,0.802678,0.8433136,0.8682388,0.9189628
GSM4299214,0.8354298,0.8073983,0.7274871,0.7931247,0.8019344,0.7692072,0.7926926,0.7143319,0.7816734,0.7249012,0.6653188,0.20257131,0.5212162,0.7208944,0.6843783,0.777406,0.3286266,0.7867623,0.3286596,0.8075105,0.7939773,0.1727554,0.2631413,0.7321427,0.7585329,0.1998035,0.7564696,0.3782456,0.6849632,0.2137275,0.14505953,0.6837147,0.7554692,0.8952052,0.7328532
GSM4299216,0.8340939,0.8295892,0.685227,0.6800039,0.6646185,0.6062955,0.6832978,0.4792449,0.8123243,0.5359751,0.676561,0.10349232,0.403307,0.6681355,0.6797835,0.8196238,0.5377457,0.7595836,0.2339251,0.8504358,0.6778712,0.176526,0.5151593,0.8110457,0.7831403,0.4962826,0.7350442,0.2654307,0.5479583,0.5206085,0.10481697,0.7568493,0.7516939,0.8751047,0.7993403
GSM4299217,0.8337012,0.8004357,0.7050631,0.8248478,0.7722847,0.6938506,0.7854527,0.6857927,0.8214625,0.6341623,0.7121903,0.15403249,0.6298119,0.6613473,0.7841179,0.8300817,0.5828143,0.8232155,0.4064827,0.8769942,0.8053432,0.1525106,0.4822878,0.7811245,0.7306937,0.4826689,0.7878665,0.329183,0.7471209,0.4343389,0.15320439,0.7176942,0.8632397,0.8937539,0.7602905
GSM4299218,0.8516252,0.9092486,0.6495311,0.8141347,0.8296393,0.6958361,0.6880438,0.6976876,0.765501,0.712041,0.6347748,0.25247592,0.6123725,0.7834766,0.6778652,0.780424,0.5692672,0.7078567,0.3986124,0.8173385,0.8574146,0.1601504,0.4879957,0.7921668,0.8519491,0.5261056,0.7276181,0.4058577,0.7366975,0.4740743,0.14308335,0.8231976,0.7555038,0.8721836,0.9316607
GSM4299226,0.8160238,0.7956448,0.7130464,0.5842782,0.6016285,0.4322394,0.6952461,0.2903338,0.7723992,0.4187058,0.6944075,0.09761928,0.2233079,0.5723821,0.8423014,0.847892,0.3263992,0.7125225,0.2249204,0.889676,0.7930007,0.2131521,0.2998647,0.7413799,0.7584519,0.2178672,0.8300525,0.2505547,0.5034558,0.1726321,0.14883603,0.7108907,0.8283525,0.9039109,0.8370361
GSM4299229,0.7762415,0.8249938,0.7423523,0.8099544,0.7143335,0.7817398,0.8200421,0.5991946,0.7070334,0.6269593,0.66694,0.09529189,0.5024618,0.7096618,0.6560158,0.765451,0.7974628,0.7670913,0.3647819,0.8081404,0.8234383,0.1624449,0.7208069,0.8287138,0.7693679,0.7298391,0.747226,0.2138926,0.7118785,0.5954955,0.11777808,0.7583381,0.7528085,0.9205968,0.83712
GSM4299232,0.828445,0.8230103,0.6073293,0.8620406,0.7786918,0.7289129,0.6063631,0.6058526,0.7553598,0.6228865,0.7235339,0.08029247,0.6598022,0.7244773,0.7358366,0.82538,0.3332789,0.6654902,0.3392243,0.8617452,0.7930559,0.1885188,0.2460965,0.790266,0.7469707,0.2389925,0.7673301,0.2477752,0.6297313,0.186453,0.08644475,0.7396055,0.7944009,0.8599768,0.81947
GSM4299233,0.8265517,0.8352647,0.6569058,0.7537546,0.718847,0.705113,0.7159189,0.6055676,0.7545257,0.6119051,0.6889218,0.20681327,0.4430467,0.6400553,0.7638868,0.8641807,0.5875096,0.7431465,0.3188232,0.8900269,0.8196918,0.2190181,0.5631681,0.8045705,0.8219503,0.5036908,0.8155853,0.3431704,0.6615358,0.4116699,0.20782707,0.7771895,0.7895948,0.8922856,0.8325568
GSM4299240,0.8525218,0.9255506,0.6305485,0.8346097,0.8176184,0.5745479,0.6856642,0.5261797,0.815062,0.5487505,0.7900362,0.28979955,0.5993246,0.7289195,0.676641,0.8167788,0.5860416,0.7924404,0.413852,0.872599,0.6176042,0.2268634,0.4195351,0.7817971,0.901228,0.5173124,0.7894252,0.4226268,0.8015865,0.3864019,0.19303479,0.8606867,0.8235762,0.8504527,0.9159049
GSM4299246,0.8628281,0.9031166,0.7072665,0.8709402,0.8050274,0.7523652,0.665066,0.6018678,0.8432921,0.5189949,0.7999456,0.13894617,0.7355769,0.7584105,0.7829536,0.8476292,0.5751429,0.7048003,0.2896689,0.8976724,0.8919968,0.1651227,0.4884709,0.8054675,0.8671164,0.4935308,0.878432,0.2696724,0.8356689,0.4703512,0.13043444,0.7889596,0.8451093,0.8666349,0.8868707
GSM4299248,0.8605049,0.9377839,0.6429659,0.5651501,0.6660716,0.5745168,0.6615775,0.2562956,0.8384638,0.4934427,0.7860041,0.18660563,0.299177,0.8100698,0.8430477,0.8715501,0.7768897,0.6646328,0.2144537,0.9071108,0.7954527,0.2188492,0.5647874,0.8477637,0.8571224,0.7232135,0.853036,0.4273989,0.4001251,0.4959908,0.14053473,0.840232,0.8423958,0.8687539,0.9004988
GSM4299249,0.818981,0.8895381,0.6486431,0.8352916,0.8338019,0.8020614,0.7061003,0.814558,0.5992449,0.7543379,0.5589759,0.08926682,0.7055924,0.7888945,0.5619622,0.6649499,0.7583811,0.7196637,0.7134874,0.6725724,0.8528013,0.1987687,0.6594264,0.8284399,0.7607793,0.7022878,0.6127761,0.3342846,0.8273273,0.7302619,0.10926056,0.8328963,0.5467862,0.8749086,0.9518855
GSM4299340,0.8503983,0.8906929,0.6699579,0.719688,0.79251,0.6749419,0.7373354,0.5084897,0.809555,0.5691675,0.7539244,0.26400897,0.4581893,0.7749154,0.7346603,0.8256429,0.3045765,0.7975598,0.2858858,0.883586,0.8316699,0.1774507,0.2815138,0.7500053,0.7713487,0.223748,0.7294126,0.3555642,0.611177,0.2274262,0.18268745,0.7822728,0.801448,0.8818731,0.8773011
GSM4299343,0.8189953,0.8810176,0.739219,0.8034814,0.7826396,0.6654894,0.7283675,0.5846102,0.7767888,0.6419476,0.6824098,0.17534916,0.5405357,0.7270435,0.6949627,0.7865824,0.3406742,0.7684402,0.2797124,0.8371563,0.7927412,0.1623384,0.3031697,0.7779349,0.7944195,0.2022402,0.7042244,0.3776601,0.6952207,0.2211835,0.14442428,0.7704916,0.7408227,0.8756138,0.885171
GSM4299344,0.8368201,0.9178279,0.5440765,0.7396238,0.7907333,0.6415793,0.6808892,0.6683325,0.8209176,0.6260372,0.7246405,0.30850787,0.5197075,0.747988,0.721161,0.8411159,0.5493148,0.6906575,0.4345029,0.8912809,0.7757504,0.1909554,0.4545024,0.7750646,0.8890068,0.4519888,0.7271332,0.4533176,0.663294,0.3759701,0.22716816,0.8521962,0.8118669,0.8541191,0.929033
GSM4299353,0.8137351,0.8251273,0.6081737,0.832129,0.7485628,0.6901079,0.7226592,0.6053566,0.8181937,0.6560429,0.7272698,0.18208621,0.5313359,0.6849815,0.6818838,0.7827164,0.2748486,0.7198092,0.3158531,0.8461572,0.8480916,0.1748643,0.3491769,0.8100227,0.8062417,0.2132765,0.7322799,0.3077875,0.6357615,0.2485578,0.15089996,0.7460671,0.8055281,0.8655114,0.7697066
GSM4299355,0.8174272,0.6972166,0.7131543,0.7747173,0.8092128,0.7122038,0.7446682,0.7198895,0.7426377,0.6626554,0.6270835,0.15985031,0.5937907,0.6978085,0.6464098,0.7397815,0.6308842,0.807085,0.408486,0.7664697,0.7753775,0.1558686,0.4971844,0.8338213,0.572409,0.4774823,0.6449597,0.3081153,0.7256864,0.4112989,0.12224588,0.6632229,0.7210177,0.8953831,0.7122079
GSM4299357,0.8471482,0.9366738,0.6123536,0.8453216,0.8292625,0.6669528,0.6666252,0.7941277,0.7322481,0.7723288,0.711741,0.20882727,0.5085893,0.7638865,0.6420046,0.7249953,0.5302843,0.7122094,0.6173736,0.8000447,0.8898004,0.209611,0.528333,0.8169337,0.8809821,0.4684338,0.6442786,0.4236755,0.6160154,0.3466775,0.15080084,0.8390532,0.6669897,0.8543021,0.9389736
GSM4299367,0.8224573,0.8467575,0.6834189,0.6563953,0.6486134,0.6018934,0.6503917,0.4730867,0.6885355,0.5386544,0.6882101,0.17197301,0.3423571,0.6952742,0.6099651,0.7304645,0.3264309,0.6598802,0.2686701,0.7672193,0.6639656,0.2016914,0.3323441,0.7772691,0.7767413,0.2501625,0.7176228,0.3587208,0.548624,0.229718,0.18618954,0.7567726,0.719449,0.8726668,0.8270549
GSM4299370,0.8535141,0.8881937,0.7234354,0.7697759,0.7798991,0.6501812,0.69482,0.5951536,0.8038749,0.6089212,0.7579025,0.22564894,0.5364178,0.7858857,0.7195952,0.805859,0.5908649,0.7086527,0.344526,0.8498268,0.7653832,0.1465072,0.4913453,0.7903991,0.8572191,0.5326972,0.74193,0.3544564,0.6299213,0.4169853,0.15352017,0.8156099,0.7900981,0.8716569,0.9129016
GSM4299374,0.8498156,0.8048935,0.6868371,0.8213794,0.8478433,0.7154747,0.7282674,0.803425,0.7923413,0.7168678,0.7067885,0.13523874,0.6578773,0.7184719,0.706683,0.7887541,0.4753667,0.7288206,0.4459703,0.8353081,0.8537933,0.1538725,0.4383549,0.7917897,0.827112,0.4636585,0.7541277,0.2594613,0.7850361,0.3778007,0.11701742,0.717418,0.782866,0.8623077,0.7745712
GSM4299376,0.8668283,0.907677,0.7131413,0.7873352,0.8091673,0.7078432,0.7384229,0.7535086,0.8220218,0.7202148,0.7741104,0.26823495,0.5753328,0.7311564,0.7623453,0.8596297,0.5103276,0.7389861,0.4442617,0.8871792,0.8659973,0.1861312,0.5536304,0.7754285,0.8940686,0.4765865,0.8000596,0.3816067,0.7363289,0.4262761,0.18332574,0.8441828,0.8297129,0.8660378,0.9366618
GSM4299377,0.839285,0.9450979,0.6891857,0.8485221,0.832202,0.754679,0.7398773,0.6701484,0.835367,0.5788084,0.7769865,0.14489269,0.6825403,0.7899943,0.7611558,0.8225371,0.602068,0.6481438,0.4761792,0.8647928,0.8881111,0.16499,0.4911491,0.8501918,0.884196,0.4577044,0.8296818,0.2772407,0.8290697,0.4074672,0.12251736,0.8396624,0.8114447,0.8744003,0.9448882
GSM4299386,0.8495071,0.7590441,0.6969048,0.748363,0.6717353,0.5921057,0.7283382,0.55339,0.8325466,0.5222795,0.7577295,0.14320012,0.5313336,0.6489263,0.6962237,0.7641872,0.8098784,0.7857149,0.4435796,0.8643064,0.6328772,0.179432,0.6206108,0.8201739,0.8923956,0.775316,0.7653113,0.3770629,0.599936,0.6851356,0.1464414,0.8283499,0.8389227,0.8923657,0.852905
GSM4299389,0.8327042,0.9269867,0.6489384,0.8677192,0.8623096,0.810725,0.6319693,0.7667292,0.5759691,0.7240058,0.5654263,0.26462227,0.4368673,0.8055584,0.5643012,0.7302432,0.4006593,0.7092567,0.4222966,0.690147,0.8854768,0.1853945,0.3149449,0.6935652,0.8807574,0.2493338,0.5779433,0.3910532,0.7333887,0.2115476,0.18659735,0.838776,0.5704786,0.8880143,0.9298625
GSM4299396,0.8413181,0.9198926,0.691906,0.8340607,0.8523119,0.7268151,0.601337,0.8091351,0.8418056,0.7695527,0.6968245,0.15312066,0.7031117,0.8117903,0.7736291,0.8566427,0.2686274,0.6474271,0.4003687,0.8716518,0.8547678,0.1716519,0.2044283,0.7073496,0.7786178,0.1667451,0.7977035,0.3455028,0.8456253,0.188975,0.12626812,0.8079496,0.7170958,0.8201901,0.9246673
GSM4299399,0.8189397,0.9104335,0.6880746,0.8166352,0.8535493,0.7639103,0.7257557,0.7557802,0.8400485,0.7187475,0.7302409,0.14931165,0.5276714,0.7557597,0.7523045,0.8105411,0.5883046,0.7773103,0.4891026,0.8409462,0.877738,0.1746214,0.5279664,0.7858028,0.8265427,0.5633015,0.7791306,0.3247286,0.6563455,0.4325614,0.13147316,0.7569001,0.8305075,0.8786884,0.9381952
GSM4299402,0.8372869,0.8600005,0.7768635,0.815177,0.7800573,0.6917823,0.7818206,0.5701017,0.6768153,0.6326193,0.6339387,0.15279168,0.6273764,0.7357924,0.5770914,0.7234854,0.8335523,0.8421484,0.3732914,0.720416,0.7899695,0.1587197,0.6587011,0.7713873,0.7954672,0.7986841,0.6226623,0.2664951,0.7566783,0.6603905,0.17534392,0.7463193,0.6142477,0.8886241,0.8219918
GSM4299404,0.8310092,0.8682783,0.8238959,0.8434513,0.7868937,0.7677212,0.8065763,0.7455979,0.7947823,0.7166834,0.6863821,0.11868597,0.4953152,0.8031083,0.609825,0.8482369,0.5065723,0.7389638,0.2833282,0.8888611,0.8573749,0.1533314,0.3672876,0.8190107,0.7966018,0.5097428,0.7710026,0.2867582,0.5609071,0.3566622,0.09724965,0.7758737,0.8289331,0.8674073,0.814522
GSM4299405,0.8448147,0.9270931,0.6360144,0.8088229,0.798125,0.7065204,0.7090239,0.8007656,0.7223929,0.7507353,0.8011628,0.35420451,0.4616621,0.6775639,0.610156,0.6790876,0.7007397,0.785693,0.2939409,0.8605427,0.8708504,0.195863,0.7542784,0.850123,0.9062218,0.5602139,0.6187321,0.4370871,0.5983411,0.6324657,0.25248344,0.8248521,0.6931127,0.8922838,0.9356433
GSM4299406,0.8121933,0.8531099,0.6498915,0.7501633,0.7779313,0.7454337,0.7677197,0.5720256,0.6430706,0.6428699,0.6103852,0.21681544,0.6110121,0.7088736,0.5835984,0.6865255,0.805934,0.7766517,0.3560198,0.7041811,0.8513557,0.1813865,0.6300887,0.854312,0.7937736,0.7633056,0.6133179,0.370905,0.8313928,0.6361568,0.19069757,0.7758984,0.6130186,0.8789984,0.8360037
GSM4299407,0.8319034,0.8742099,0.665022,0.8233782,0.728601,0.6937786,0.7231325,0.661069,0.7819898,0.6259626,0.7439731,0.16363659,0.5567453,0.6901521,0.6710607,0.7910501,0.5361012,0.7555487,0.4177547,0.8428892,0.7455515,0.1589172,0.5217189,0.7862712,0.8369547,0.4290907,0.7033382,0.3345411,0.7264919,0.4233167,0.13901182,0.7574085,0.7753933,0.8726321,0.8673273
GSM4299409,0.8184007,0.78365,0.6158116,0.7933489,0.8087033,0.7778017,0.6649179,0.7395937,0.7694523,0.7196028,0.646594,0.11618235,0.5604113,0.7663878,0.6603841,0.7281007,0.2971443,0.7229622,0.3478971,0.7983621,0.8527486,0.1919382,0.2957068,0.7705999,0.6842992,0.1943931,0.6628713,0.3413814,0.6602103,0.2183475,0.13018719,0.7316413,0.7463488,0.8700345,0.7941793
GSM4299412,0.8557343,0.7274867,0.6181102,0.7116852,0.8190421,0.729456,0.6568233,0.7559803,0.6489963,0.6888703,0.57605,0.18745517,0.4931154,0.6949594,0.6245439,0.6943503,0.7378193,0.7275492,0.3723448,0.71484,0.868703,0.1592645,0.5978611,0.8536988,0.8201146,0.6929553,0.6493301,0.3318972,0.5965943,0.5547081,0.16437139,0.6898608,0.6033235,0.8457383,0.7339257
GSM4299413,0.8319821,0.6894139,0.5664246,0.6478349,0.6608972,0.6699644,0.6362308,0.6562221,0.7330455,0.5881344,0.6610458,0.14144775,0.455156,0.6273304,0.6193157,0.699753,0.2827831,0.6402165,0.3826206,0.7441204,0.7807182,0.1636269,0.2152854,0.7158171,0.6276983,0.1792443,0.6828017,0.3796629,0.6105508,0.173371,0.1604459,0.6408599,0.6386852,0.8474294,0.6093634
GSM4299415,0.8784798,0.9407613,0.714338,0.8539718,0.8269262,0.7972997,0.7951219,0.8183147,0.7829787,0.7577531,0.6707494,0.14595674,0.6548058,0.7876083,0.6553111,0.7639262,0.5586558,0.7672107,0.4579723,0.8377082,0.8769062,0.165961,0.437417,0.7973326,0.8981013,0.5233011,0.7094178,0.3509848,0.815472,0.4344629,0.12372147,0.8215124,0.7521368,0.9103349,0.9086232
GSM4299416,0.8578296,0.8008783,0.6214572,0.8050884,0.6830636,0.6679969,0.6367055,0.5230098,0.6525843,0.5900622,0.5940262,0.1075934,0.5921493,0.7352227,0.592045,0.6835843,0.6292013,0.6891374,0.327026,0.7067024,0.7387954,0.1719561,0.4635859,0.792802,0.8102113,0.4719427,0.6130398,0.2881495,0.7265791,0.3972605,0.12306428,0.7344116,0.6113412,0.8579544,0.8108536
GSM4299420,0.8163464,0.6751743,0.5983105,0.795152,0.7281254,0.6851201,0.7122451,0.5224611,0.8015882,0.5442618,0.7353924,0.13527159,0.5362506,0.7381266,0.7666244,0.8471224,0.6021941,0.7119042,0.2749126,0.8903873,0.7325323,0.1633324,0.4490347,0.8098428,0.5568992,0.5296195,0.7857175,0.3676401,0.7693433,0.3997943,0.14183693,0.649517,0.8451033,0.8662761,0.6814501
GSM4299422,0.8361772,0.8034069,0.583138,0.7369427,0.7217182,0.6947216,0.650996,0.5049546,0.7953751,0.5944587,0.6948578,0.31402225,0.4762975,0.7090653,0.7387487,0.8111643,0.570381,0.6351383,0.285401,0.8495052,0.8375777,0.1877082,0.51005,0.7770454,0.7949989,0.4589633,0.7449566,0.4372651,0.6099806,0.4031676,0.23254711,0.750877,0.7897113,0.847355,0.7924042
GSM4299425,0.8374899,0.9387351,0.6849301,0.7930873,0.8098974,0.7521096,0.7413538,0.7573623,0.7855997,0.7113733,0.727371,0.11483956,0.6402905,0.7833121,0.7375759,0.8407926,0.5976969,0.7580992,0.4429011,0.8713545,0.8494217,0.1799644,0.4098307,0.7987098,0.8468832,0.4950521,0.768311,0.2326445,0.7607328,0.4537332,0.11790962,0.8623529,0.7640067,0.8738256,0.9355137
GSM4299428,0.8718775,0.6236388,0.7018596,0.6529028,0.6680557,0.3489985,0.736029,0.3465445,0.7065076,0.4293341,0.6051421,0.22091416,0.3044388,0.6913703,0.6315845,0.6887399,0.6444424,0.7722756,0.3325314,0.6947164,0.6508931,0.1866626,0.6827969,0.7946296,0.7824516,0.6762345,0.6969873,0.3185495,0.518459,0.5277779,0.18526854,0.641089,0.6637181,0.8501917,0.6497229
GSM4299430,0.8648599,0.8782805,0.722253,0.7597182,0.7570398,0.6811023,0.7173743,0.6691779,0.8459161,0.677244,0.6692571,0.31174389,0.3945818,0.7920736,0.7538716,0.8085882,0.5642759,0.7313394,0.2878732,0.861959,0.7882318,0.175794,0.504493,0.7566348,0.8612336,0.4552299,0.790917,0.412134,0.5199949,0.4289292,0.20156574,0.8120861,0.8038086,0.8849871,0.8947986
GSM4299435,0.7928874,0.8020778,0.7302025,0.7257372,0.7066574,0.6738824,0.7363961,0.5117499,0.7290993,0.542626,0.61742,0.22675859,0.5166941,0.6689051,0.6484307,0.7473536,0.7969443,0.7852868,0.3038071,0.8031963,0.7921832,0.1707261,0.6210672,0.8441255,0.7478023,0.7252911,0.6976516,0.4323932,0.6550722,0.6059609,0.12962314,0.6877606,0.6592051,0.8802219,0.7570298
GSM4299452,0.8425031,0.8512496,0.6342754,0.7344783,0.7490547,0.7217909,0.7003311,0.5615455,0.7644943,0.5735752,0.6009022,0.14986141,0.5504092,0.7619973,0.6850469,0.8015888,0.7514276,0.7273565,0.2537764,0.8130507,0.7577123,0.1828314,0.5955506,0.8609137,0.7094445,0.7045923,0.731654,0.2840406,0.7433912,0.5597899,0.15159298,0.7323835,0.7604915,0.8544294,0.8006382
GSM4299460,0.8311789,0.7515895,0.650434,0.6181139,0.6574767,0.5984163,0.7732977,0.4368333,0.7307223,0.6013559,0.6080381,0.09772998,0.4421111,0.6863763,0.6424015,0.7385534,0.5237007,0.8025923,0.2860654,0.8291532,0.6929132,0.1846276,0.4794055,0.7919287,0.7387367,0.5204682,0.659157,0.338362,0.5927744,0.4327251,0.11860642,0.6632292,0.6753265,0.8927021,0.7134515
GSM4299461,0.8316833,0.9160176,0.7472457,0.8455733,0.8460466,0.7573584,0.7472401,0.8306803,0.7958646,0.7562225,0.6838105,0.26343674,0.5787025,0.7694816,0.6541783,0.7766897,0.78295,0.715071,0.5374452,0.7774977,0.8496297,0.2345446,0.6863077,0.8254608,0.8466609,0.7779558,0.7378286,0.4079928,0.7559714,0.621227,0.19104005,0.7888988,0.7321058,0.8725867,0.8892038
GSM4299462,0.8829065,0.8450205,0.6411223,0.7829883,0.80544,0.7051534,0.6415795,0.7644051,0.8430583,0.6697159,0.670534,0.25491336,0.5351879,0.7568358,0.8093761,0.8548878,0.2657353,0.6874556,0.3940371,0.8763295,0.8587781,0.1761411,0.3273032,0.7357318,0.8142086,0.2509162,0.8053928,0.3274793,0.7338171,0.2097495,0.17588071,0.7867681,0.8562137,0.8747941,0.8512502
GSM4299464,0.8170388,0.8364809,0.6814231,0.8131392,0.8011976,0.7325725,0.7179306,0.7306316,0.8092073,0.7048418,0.6770208,0.09273939,0.5662888,0.7899117,0.7419186,0.7921588,0.51471,0.7910039,0.422157,0.8414154,0.7769408,0.2049487,0.449743,0.8158555,0.8355263,0.4625828,0.8010971,0.2847456,0.7269698,0.4061002,0.12181219,0.7642074,0.7874865,0.8774363,0.8193707
GSM4299467,0.845029,0.9168384,0.6075896,0.7783701,0.7946075,0.7607361,0.7351665,0.6538206,0.7886361,0.7609624,0.7511983,0.15672176,0.5694985,0.77005,0.7423868,0.8246364,0.8151344,0.7557047,0.2972904,0.897719,0.8259028,0.1824436,0.5573436,0.8786394,0.8925761,0.754327,0.7283966,0.3865565,0.7131983,0.617469,0.14415073,0.8622813,0.7436792,0.8835302,0.9420629
GSM4299471,0.8496367,0.7582872,0.6782331,0.5782553,0.722442,0.535807,0.7332044,0.4153027,0.7256303,0.5359496,0.6422332,0.14820406,0.3563468,0.6729852,0.6368508,0.7346617,0.3783986,0.7940739,0.2010503,0.7685345,0.7727289,0.1735154,0.2656187,0.7692273,0.6784396,0.1975013,0.6577913,0.3079648,0.6116304,0.1926389,0.12340811,0.6651591,0.6885944,0.8704457,0.7165526
GSM4299474,0.8525138,0.8965679,0.6285104,0.8607097,0.8223644,0.7186802,0.6697774,0.8115677,0.8346548,0.7452669,0.7035979,0.21958825,0.6217595,0.7501348,0.7277231,0.8211714,0.7095491,0.7225076,0.4237026,0.8649287,0.853415,0.19341,0.6076044,0.8559175,0.8238086,0.7053516,0.7622357,0.3260145,0.7808841,0.4776022,0.16234678,0.7938575,0.8248298,0.8531355,0.880338
GSM4299475,0.8437079,0.908945,0.7033965,0.7881595,0.8026588,0.7648538,0.7438599,0.7186445,0.7456419,0.7277964,0.6514995,0.14239713,0.5221377,0.7634052,0.6492153,0.8181103,0.7851098,0.7655453,0.4639752,0.8387384,0.8286789,0.1928024,0.6183486,0.8148606,0.8547051,0.7193892,0.730386,0.3522651,0.700554,0.5727662,0.10769736,0.8195528,0.7860227,0.8655259,0.9131113
GSM4299480,0.8726424,0.8735376,0.5910555,0.6623587,0.694844,0.5664493,0.71809,0.4083686,0.7530972,0.5076487,0.5938312,0.15813693,0.3799338,0.7271826,0.5872384,0.6832327,0.2576236,0.6926852,0.2346937,0.7467084,0.6739743,0.2028172,0.2843118,0.7455764,0.8012339,0.2215415,0.6250496,0.3521335,0.6173379,0.1729846,0.1303716,0.7727573,0.7044637,0.8661122,0.8322686
GSM4299481,0.8168734,0.9064718,0.6076416,0.7169868,0.7243534,0.6802053,0.6672986,0.5262557,0.7859847,0.6019716,0.6313835,0.13390389,0.4961473,0.766234,0.6747476,0.7747108,0.5923702,0.6810237,0.2081778,0.7981807,0.7675509,0.1747319,0.4609292,0.8023592,0.8448424,0.5176316,0.6779289,0.3579905,0.6679484,0.4142643,0.10565265,0.8312227,0.7328419,0.8507086,0.9051779
GSM4299484,0.8432031,0.738702,0.6125173,0.7086694,0.810839,0.6914102,0.6932006,0.7668756,0.840431,0.6804705,0.6951115,0.10543274,0.4557931,0.6434473,0.7137996,0.8317172,0.2729562,0.7354829,0.3126797,0.8853299,0.8346552,0.1998392,0.2880228,0.768109,0.7384726,0.229358,0.78843,0.3320267,0.5699832,0.1866136,0.13366832,0.6868996,0.8327519,0.874305,0.6980731
GSM4299488,0.8469985,0.7379092,0.6676658,0.7055578,0.7011985,0.623218,0.7012193,0.560851,0.757139,0.5925157,0.6341981,0.35525065,0.4857063,0.6459933,0.6244209,0.7718181,0.541119,0.7042028,0.3140927,0.7885904,0.7534739,0.1984481,0.5293207,0.751611,0.7341666,0.4812474,0.6708895,0.4649544,0.6207765,0.4890069,0.25225079,0.6913076,0.7060665,0.8574646,0.7292781
GSM4299489,0.8654723,0.7883208,0.5875396,0.7977833,0.7442972,0.618915,0.6282913,0.5287208,0.6931096,0.6320344,0.6001868,0.26353361,0.6346936,0.7665107,0.5944295,0.6758143,0.5874011,0.6896284,0.353453,0.7608189,0.841811,0.2088996,0.4847874,0.8008956,0.8121219,0.5028438,0.6080482,0.4122115,0.8453118,0.4379755,0.21180471,0.7439514,0.6569002,0.871764,0.7782273
GSM4299494,0.8486887,0.778849,0.6179184,0.787686,0.6487365,0.6590906,0.7094532,0.4911779,0.7634241,0.5869859,0.6262717,0.14308124,0.5413656,0.7150032,0.7037899,0.8024085,0.7783632,0.7332378,0.3065812,0.8346351,0.71238,0.1743057,0.6315913,0.8239482,0.7497228,0.7293493,0.7428533,0.3758096,0.6949865,0.5074101,0.16979499,0.7082927,0.79635,0.8670081,0.7449805
GSM4299496,0.8644545,0.8965849,0.7364933,0.7814948,0.7505431,0.7408559,0.7887135,0.5382893,0.7643927,0.6120939,0.6813047,0.17018716,0.5594379,0.7804456,0.7010886,0.7851338,0.5635319,0.8094988,0.2871043,0.8296438,0.7830744,0.1732096,0.4547351,0.7982988,0.8705529,0.4328726,0.7309595,0.3593268,0.691963,0.3960575,0.13939217,0.795908,0.7926988,0.894838,0.9180908
GSM4299497,0.8402382,0.8931952,0.6564133,0.7632634,0.6804488,0.6432928,0.6897079,0.6228068,0.7806739,0.5887373,0.673392,0.33389993,0.6046843,0.7615043,0.6416091,0.7576886,0.5924781,0.7363087,0.4516679,0.7844128,0.7481212,0.236244,0.5188655,0.8013475,0.8536875,0.5026769,0.7054183,0.4144556,0.6853681,0.441791,0.22678234,0.787108,0.7036073,0.8631183,0.8924405
GSM4299500,0.8255671,0.8430556,0.7448351,0.8178274,0.746279,0.6780296,0.7815196,0.6416466,0.7740785,0.5929395,0.6602886,0.12547557,0.6487353,0.7761676,0.6949809,0.7983891,0.6491745,0.7820073,0.3588637,0.8240377,0.8210601,0.1801859,0.5522298,0.7925245,0.8590464,0.5038932,0.7076922,0.3031402,0.7855836,0.5457328,0.14166266,0.7545189,0.7908606,0.8953231,0.8452241
GSM4299501,0.872113,0.755228,0.6142665,0.7454921,0.6399931,0.6049636,0.7240002,0.4479043,0.6315549,0.5162891,0.5690697,0.21709801,0.5521324,0.6293932,0.5647322,0.6750572,0.3340279,0.7624776,0.2443121,0.7023805,0.7268064,0.1945989,0.2943035,0.7737861,0.7220809,0.2303761,0.5785097,0.3891758,0.7012891,0.2297524,0.20553286,0.7120163,0.5670749,0.8798006,0.7344808
GSM4299553,0.877062,0.8758288,0.598701,0.7690093,0.7770025,0.7195763,0.7451513,0.6852425,0.7669435,0.6245678,0.6138044,0.15686592,0.3981888,0.7509592,0.7127565,0.853997,0.3270979,0.7192425,0.4140726,0.8867965,0.8120251,0.2136613,0.356908,0.7489284,0.8368467,0.2323678,0.7717028,0.3302118,0.5336693,0.2273508,0.15482352,0.7978747,0.7572531,0.8799951,0.8514669
GSM4299554,0.8315476,0.89855,0.6956208,0.7674993,0.7206024,0.6889311,0.6775266,0.5773715,0.7749503,0.6285199,0.7166531,0.13070288,0.4437037,0.7475677,0.6939551,0.803603,0.6065556,0.7267085,0.3750975,0.8719853,0.7978101,0.1607565,0.4824734,0.7861732,0.8702019,0.4632248,0.7597361,0.276874,0.5658033,0.4013408,0.11058111,0.7961807,0.8293673,0.8639582,0.9114038
GSM4299558,0.8352584,0.8697525,0.5726577,0.7866687,0.7924449,0.6814584,0.6485282,0.6880547,0.8377343,0.628703,0.7554421,0.18168391,0.6088779,0.7700338,0.736492,0.8345716,0.7670288,0.6200873,0.5496117,0.8749718,0.7800518,0.1722561,0.6118446,0.8516883,0.8770562,0.7156475,0.7619737,0.3592496,0.7317021,0.6108394,0.18621519,0.8254865,0.7650608,0.8595645,0.8751893
GSM4299560,0.8569273,0.7906737,0.7129274,0.8541361,0.7976362,0.7516516,0.7666523,0.7492884,0.85081,0.7464058,0.7002299,0.35129317,0.7553583,0.7329206,0.7751492,0.8525722,0.5777496,0.8151103,0.5436077,0.8675721,0.8710132,0.2512149,0.4952262,0.7695856,0.7622542,0.5413079,0.8114281,0.4524703,0.8519193,0.4529685,0.19056599,0.7671615,0.8624365,0.8992485,0.8239557
GSM4299562,0.8260488,0.7796235,0.6153529,0.7523493,0.7275963,0.6656212,0.7192838,0.5350124,0.7668679,0.6157708,0.6789403,0.15726546,0.5235855,0.6866237,0.6950171,0.7809888,0.6253564,0.7026959,0.2354441,0.8401719,0.6667811,0.1727891,0.4594467,0.7948359,0.6493879,0.4384082,0.7474232,0.3524447,0.6470217,0.3655634,0.14168942,0.7003352,0.7424741,0.8615677,0.7297815
GSM4299563,0.8542176,0.8446193,0.6461805,0.8262881,0.747916,0.6783167,0.679707,0.6159095,0.7781721,0.6274155,0.6797037,0.22176392,0.6257928,0.7666577,0.6670324,0.8092795,0.5201552,0.7263192,0.4035351,0.8064289,0.8350231,0.1767722,0.401656,0.7591755,0.7715432,0.4825864,0.7339644,0.337606,0.7677649,0.3824959,0.15206619,0.7948178,0.7511434,0.8837555,0.9082195
GSM4299564,0.8024027,0.8573971,0.715578,0.7886654,0.7543915,0.6936283,0.756907,0.718377,0.7587179,0.6891067,0.6457632,0.12828094,0.5686122,0.750083,0.7225411,0.7980987,0.6125828,0.7679805,0.4475254,0.8279031,0.8000706,0.1895546,0.5656372,0.7835632,0.7908081,0.5079791,0.731762,0.3231206,0.7199875,0.388308,0.13002397,0.7683233,0.7235147,0.8889443,0.8358496
GSM4299566,0.8426137,0.9176131,0.5996325,0.8491637,0.8501914,0.7884231,0.6274863,0.7617134,0.8234976,0.7873759,0.6636329,0.12391704,0.7374573,0.8048088,0.662969,0.814928,0.2742858,0.6323123,0.3906609,0.8500631,0.8881782,0.1925758,0.2355784,0.6829058,0.908391,0.173103,0.8005291,0.3365342,0.8196294,0.1961119,0.12139841,0.8251617,0.8274943,0.8667195,0.9415832
GSM4299567,0.8363363,0.8939303,0.7142447,0.8303392,0.8398102,0.7396728,0.6812845,0.7463075,0.8151783,0.7279746,0.7450361,0.21606085,0.4908771,0.7695448,0.6508003,0.7557607,0.6404487,0.7278143,0.344611,0.8226361,0.8741419,0.2059311,0.4921471,0.7744985,0.8691529,0.4543361,0.6441752,0.366998,0.6310023,0.5151201,0.19469155,0.8121132,0.674824,0.8976379,0.9126408
GSM4299568,0.861648,0.9115115,0.6484388,0.7355467,0.7731001,0.6771885,0.7069659,0.682737,0.7941881,0.6194976,0.705298,0.25949136,0.5278808,0.7647446,0.6808191,0.8002044,0.5907076,0.7377318,0.4080449,0.8393241,0.8024297,0.1679172,0.5048397,0.7917866,0.8830689,0.5039702,0.7303535,0.3977771,0.6068344,0.4174728,0.17962445,0.8055165,0.7586816,0.8668787,0.9209051
GSM4299570,0.8528697,0.817238,0.7195984,0.7008681,0.6496271,0.5962134,0.7430634,0.4633224,0.7692844,0.5226823,0.6733808,0.12689041,0.5498104,0.6796914,0.6747027,0.7812541,0.547633,0.8091004,0.2567561,0.8293756,0.6953374,0.1891205,0.4478532,0.8189462,0.7255996,0.4518067,0.7118081,0.3476797,0.7309264,0.4079621,0.11303555,0.7302909,0.7506907,0.878703,0.7668272
GSM4299580,0.8286092,0.9379624,0.7124771,0.8469805,0.7998204,0.7486563,0.7464636,0.8086596,0.8495632,0.7766155,0.7363286,0.12715411,0.7410496,0.7814658,0.7674802,0.8482523,0.7282595,0.7737703,0.4095637,0.8901673,0.8477791,0.1541544,0.6153107,0.8386672,0.8707306,0.7322758,0.802554,0.3047394,0.8152755,0.6324793,0.11396441,0.8035075,0.8558372,0.8713322,0.9222537
GSM4299583,0.8465313,0.9381286,0.5979338,0.7525257,0.8191453,0.7751137,0.752098,0.8049016,0.7870175,0.7348656,0.7341479,0.1884577,0.7387973,0.7811605,0.671457,0.8071342,0.3857353,0.645275,0.2582916,0.8487969,0.8545847,0.1741673,0.4989495,0.8306458,0.8898668,0.3928704,0.7438503,0.3900697,0.871487,0.3325238,0.15408665,0.8598583,0.6717056,0.8292619,0.9160103
GSM4299584,0.8678652,0.6800796,0.6561535,0.6647886,0.6053162,0.5728927,0.6662637,0.5325398,0.8305173,0.4995386,0.7216716,0.18803806,0.2412316,0.5381879,0.6774747,0.8468443,0.2752702,0.7586763,0.2028052,0.8652456,0.6076086,0.1680088,0.3064489,0.7603915,0.5688321,0.176578,0.6932708,0.3373428,0.5830838,0.1978529,0.14726912,0.5724607,0.8449732,0.8869597,0.5728613
GSM4299592,0.8503842,0.9118259,0.7108685,0.7674225,0.7649642,0.6842171,0.7722747,0.6091621,0.7725052,0.5883212,0.6934852,0.26108003,0.5835671,0.7611855,0.6491569,0.7752367,0.3140945,0.7656831,0.3696085,0.8296325,0.8022289,0.2498427,0.3585097,0.777042,0.8829363,0.2241616,0.6906208,0.3966504,0.7181763,0.2538439,0.19080921,0.8496067,0.7374606,0.8732297,0.9291703
GSM4299593,0.863107,0.9252275,0.6329932,0.8306876,0.6763484,0.6698127,0.7217504,0.7635085,0.4629639,0.6900486,0.4743283,0.29684938,0.5274672,0.7901278,0.3706821,0.4750382,0.6096827,0.7257383,0.3745915,0.5480143,0.8636261,0.2579263,0.5359321,0.8211828,0.8364898,0.4760039,0.4480824,0.4068384,0.622024,0.4659575,0.23490254,0.7706174,0.3652347,0.8616956,0.9169048
GSM4299594,0.8301375,0.787158,0.6131761,0.7020189,0.7500786,0.6923971,0.6677799,0.5152527,0.7836266,0.5689915,0.6703065,0.174979,0.454845,0.7254113,0.703331,0.8019172,0.491712,0.6904757,0.3221161,0.8338514,0.7814944,0.1709679,0.5015171,0.801415,0.7505607,0.4327543,0.7310865,0.4163038,0.6122917,0.4357149,0.17163412,0.7581744,0.7484019,0.8428356,0.8045258
GSM4299595,0.8597473,0.7967614,0.6317888,0.8426675,0.8108525,0.7279575,0.6656688,0.6769885,0.734047,0.679056,0.6659954,0.1960674,0.6611491,0.6685259,0.6703967,0.7739508,0.5272124,0.7145203,0.3989907,0.817007,0.8251965,0.1854272,0.4895239,0.7900008,0.7277714,0.4567306,0.650372,0.304312,0.7667975,0.428249,0.15802279,0.7242908,0.7340353,0.8480811,0.7663544
GSM4299596,0.8592051,0.8079087,0.6760807,0.7833118,0.7864596,0.7066121,0.7200997,0.7089112,0.6817988,0.6772597,0.5666967,0.23868631,0.5465247,0.7137969,0.5670901,0.6462978,0.7617478,0.7909613,0.4442998,0.6965865,0.7969865,0.1905381,0.7037013,0.8445257,0.7786407,0.7397659,0.5953652,0.4210079,0.670644,0.6257478,0.16432757,0.7519628,0.5979462,0.8776926,0.8089184
GSM4299615,0.8481442,0.8207506,0.6792784,0.81971,0.8533594,0.789345,0.6216589,0.7674104,0.8019435,0.7611793,0.6704418,0.12025257,0.6868263,0.7521744,0.6578589,0.786362,0.2524788,0.7428045,0.5377637,0.8133213,0.8843098,0.192562,0.3081694,0.7397577,0.7920312,0.1837934,0.7394493,0.3563069,0.7508094,0.1956798,0.13775054,0.7924277,0.731719,0.8829707,0.8227369
GSM4299617,0.8408206,0.8633434,0.5720201,0.8285889,0.7836469,0.7346791,0.6197187,0.7419545,0.811865,0.6533907,0.7088169,0.19217953,0.6676634,0.7656327,0.7320121,0.7840983,0.7881573,0.6398731,0.5233642,0.8499767,0.8459682,0.1591796,0.6519792,0.8526644,0.7944561,0.7737169,0.7858301,0.348438,0.8047586,0.5692436,0.15771908,0.7647492,0.8155866,0.8481199,0.830828
GSM4299618,0.8358983,0.7757171,0.6442978,0.70078,0.6784538,0.6574933,0.709094,0.5528998,0.8192586,0.6044259,0.6903567,0.38226893,0.5046518,0.6713984,0.7139943,0.7858691,0.5293853,0.697925,0.34568,0.8529608,0.7217324,0.1999001,0.4574058,0.7947737,0.691664,0.4508771,0.7584742,0.4325641,0.6806807,0.3670767,0.23371672,0.7130732,0.7947875,0.865353,0.7322507
GSM4299621,0.8495661,0.9015894,0.6102664,0.7343915,0.752283,0.6270249,0.7232484,0.6102474,0.7875843,0.5760027,0.7545678,0.12341235,0.464759,0.7977364,0.6359857,0.7534439,0.5709236,0.7135893,0.3255624,0.833734,0.7902525,0.1864663,0.4858937,0.8106684,0.8725813,0.4749698,0.6393894,0.27483,0.6614498,0.4382177,0.12345086,0.823983,0.7341089,0.8620003,0.9165473
GSM4299623,0.853661,0.8601005,0.6987129,0.7095769,0.7273839,0.6444249,0.7369677,0.5464666,0.782188,0.5687035,0.6810984,0.3508788,0.4475979,0.7065183,0.6650062,0.7815316,0.6041515,0.7807435,0.4059059,0.8156211,0.8489612,0.2005443,0.5738807,0.7821804,0.8061824,0.5284809,0.7149747,0.4647467,0.625331,0.4485227,0.23930351,0.7505182,0.7201625,0.8826819,0.8113577
GSM4299624,0.878679,0.6518332,0.59506,0.8464996,0.6026272,0.6887915,0.6475302,0.5381934,0.841758,0.515484,0.757184,0.14026989,0.4354302,0.5864525,0.8003465,0.8519652,0.519662,0.7033441,0.472707,0.9056018,0.6400911,0.1937066,0.4705458,0.7409225,0.6568139,0.4960116,0.7944993,0.3305595,0.6157089,0.4256753,0.14419513,0.6612804,0.8568501,0.8372113,0.6946255
GSM4299625,0.8461669,0.9294925,0.6252515,0.7708684,0.8600018,0.7870031,0.6757174,0.6570344,0.7578096,0.7886478,0.4990472,0.13922021,0.6212264,0.6962311,0.6837949,0.613583,0.3885938,0.6658851,0.4197444,0.6599903,0.8938972,0.1618908,0.4379465,0.781673,0.8982694,0.3660198,0.6548584,0.2581924,0.789429,0.3386943,0.11352965,0.8442007,0.7609423,0.8685722,0.9228244
GSM4299626,0.8506288,0.8377667,0.6230597,0.7409419,0.7780951,0.6984492,0.767803,0.6806243,0.7999463,0.6252726,0.7023609,0.19564061,0.5628733,0.7501803,0.7437404,0.8216783,0.7367664,0.7144005,0.394694,0.866059,0.8203927,0.1796979,0.6552697,0.8479411,0.7749731,0.7287173,0.7771243,0.3565322,0.6441216,0.601029,0.14799008,0.7517861,0.8118522,0.8784105,0.8254209
GSM4299631,0.8436448,0.8402338,0.5807538,0.7852114,0.8121495,0.7423015,0.606114,0.6493248,0.7335155,0.694539,0.648706,0.24168495,0.4228595,0.7515398,0.6769596,0.7298746,0.5435997,0.6600842,0.4042277,0.7758499,0.8759638,0.1687648,0.460918,0.7998951,0.8384036,0.4734754,0.7170747,0.3100019,0.5868866,0.4013112,0.14431191,0.7711472,0.7152638,0.8534007,0.8001049
GSM4299633,0.8506838,0.8523933,0.6648103,0.8121697,0.7901677,0.7596961,0.7377848,0.6176789,0.7562443,0.6671003,0.6974831,0.17886653,0.7140808,0.7493075,0.7016657,0.7805672,0.8045403,0.7775984,0.4222236,0.8442909,0.8497591,0.1558737,0.6339025,0.8680155,0.7954784,0.8028189,0.7233036,0.324152,0.8388139,0.573017,0.13795162,0.7665148,0.7324418,0.8739589,0.819263
GSM4299634,0.8282222,0.9359644,0.6051051,0.8049385,0.811764,0.7001717,0.7138204,0.7756396,0.8102734,0.6696404,0.7109543,0.15159423,0.5082606,0.7869483,0.7278425,0.8167488,0.2578442,0.7526087,0.2681162,0.8748161,0.8618026,0.1743539,0.299476,0.7877258,0.893313,0.1833284,0.7731671,0.2797371,0.6665521,0.2147785,0.14078591,0.850721,0.80076,0.8773333,0.9432531
GSM4299642,0.8320505,0.8162751,0.6747541,0.706181,0.7069779,0.6874332,0.7664356,0.5871966,0.758018,0.5586267,0.6635853,0.11089855,0.525219,0.7974103,0.6386145,0.7604315,0.7728913,0.7740767,0.2585589,0.7936484,0.8300031,0.1684957,0.6343537,0.8869273,0.8287321,0.7689233,0.6651981,0.267713,0.6380418,0.5551929,0.1114879,0.7824898,0.7430196,0.8795806,0.8840613
GSM4299643,0.8179464,0.6237719,0.7158529,0.5141927,0.5563927,0.4782014,0.7189181,0.4471108,0.6085761,0.5121798,0.5538864,0.17456218,0.3171785,0.5943342,0.5502362,0.6537222,0.3221202,0.7724031,0.1812,0.6356589,0.5908881,0.1654095,0.2951414,0.7403616,0.6081602,0.2060097,0.5902927,0.2825672,0.5459017,0.1886822,0.14061016,0.6174158,0.5458417,0.8757064,0.6292251
GSM4299646,0.8618233,0.7616137,0.6684237,0.7932741,0.740903,0.7521136,0.7481217,0.6854589,0.6664905,0.6318883,0.5852878,0.14002857,0.5847131,0.6979476,0.5716429,0.6747812,0.7083181,0.7405638,0.4734151,0.6556472,0.8270775,0.2085359,0.5484789,0.8238311,0.7695072,0.6717302,0.6037276,0.2862138,0.74064,0.5067372,0.12723501,0.7093495,0.6050639,0.8856893,0.7460164
GSM4299647,0.8413691,0.8671039,0.7249907,0.8448062,0.780123,0.6849993,0.7644166,0.6425966,0.8162536,0.6240767,0.7020027,0.27040616,0.6064874,0.7485588,0.7004592,0.8075934,0.774469,0.7358817,0.4349401,0.8489309,0.8307925,0.192415,0.6759196,0.8005403,0.7571912,0.7539212,0.7635602,0.3828583,0.7842716,0.6332273,0.17274285,0.7944022,0.7749867,0.8830734,0.8845524
GSM4299648,0.8318575,0.679301,0.7078315,0.7095867,0.705748,0.6165599,0.6901226,0.5379022,0.6932607,0.559844,0.6249087,0.25390517,0.4808961,0.6811948,0.6025062,0.6902023,0.2972363,0.7434983,0.2840166,0.7463285,0.7328864,0.149518,0.254744,0.7188511,0.6030319,0.209982,0.6401675,0.3957756,0.6286467,0.189564,0.17023798,0.6364269,0.6342829,0.8614791,0.6434368
GSM4299651,0.8529343,0.6990482,0.5542195,0.6522033,0.5978143,0.7194448,0.5912876,0.4703163,0.8317603,0.528099,0.738415,0.13166225,0.4453318,0.6004824,0.724757,0.8544784,0.6362603,0.6074582,0.2880946,0.8879453,0.6827329,0.1864254,0.5086834,0.7560912,0.6204191,0.5216163,0.7822605,0.344271,0.4749366,0.4840459,0.12100303,0.6891485,0.8365199,0.8656938,0.6907753
GSM4299656,0.8564638,0.7212531,0.695499,0.8667945,0.8547049,0.7859134,0.6838736,0.8216515,0.8118305,0.7558769,0.7479122,0.23734185,0.7261737,0.8263291,0.7801683,0.7192217,0.7957908,0.5412727,0.5250493,0.885768,0.7343409,0.1718576,0.6040118,0.8356762,0.5987509,0.7223938,0.718126,0.3648937,0.8456802,0.6417959,0.15052052,0.675868,0.8490676,0.8176743,0.6895984
GSM4299658,0.8626944,0.7082512,0.594589,0.6108863,0.6468092,0.6504981,0.6690933,0.4353844,0.7455434,0.4679257,0.6377243,0.2643338,0.4271159,0.6626296,0.6449548,0.7249356,0.5972647,0.6131524,0.2402374,0.7499089,0.6622134,0.1651449,0.4355403,0.7704446,0.6606024,0.4605766,0.6868516,0.364433,0.537705,0.4202627,0.18370371,0.6748641,0.6851684,0.8456013,0.70457
GSM4299659,0.8506941,0.8702067,0.7025848,0.7586032,0.7780221,0.6776271,0.750827,0.6438287,0.815916,0.6136144,0.6778284,0.16305945,0.485814,0.7413422,0.7354676,0.8083198,0.7354041,0.7954665,0.3181809,0.8369308,0.7232921,0.1683593,0.6879405,0.8163873,0.8356993,0.6218389,0.7764279,0.3106145,0.6218247,0.5426121,0.12760801,0.7912891,0.8116641,0.8815276,0.8405481
GSM4299660,0.8401066,0.701499,0.5900819,0.7378402,0.6799975,0.6711443,0.6938071,0.4873204,0.6661175,0.5467511,0.6087245,0.16991759,0.4891908,0.6056104,0.5652188,0.6849636,0.218563,0.7273835,0.2595371,0.6987975,0.7483773,0.1757594,0.267007,0.7904788,0.679064,0.1279578,0.5974798,0.3523216,0.6410842,0.2139015,0.13085468,0.6957931,0.5717541,0.8636421,0.7076562
